audio_file_name,reference,current_transcription,priority,n_substitutions,n_deletions,n_insertions,substitution_details
grade1_profile31192_q3_LP_20251122_101304.mp3,This is Zara. She loves to draw. This is Faiz. He loves to build things.,It is Zara he love to draw it is faiz he love to paint shings,NEEDS RE-LISTEN,7,0,0,this→it (MISHEARING) | she→he (PHONETIC) | loves→love (PHONETIC) | this→it (MISHEARING) | loves→love (PHONETIC) | build→paint (MISHEARING) | things→shings (PHONETIC)
grade1_profile28395_q3_QK_20251122_101834.mp3,This is Zara. She loves to draw. This is Faiz. He loves to build things.,These is Zara see loves to draa this is wais ee loves to build it,NEEDS RE-LISTEN,6,0,0,this→these (PHONETIC) | she→see (PHONETIC) | draw→draa (PHONETIC) | faiz→wais (REVIEW) | he→ee (REVIEW) | things→it (MISHEARING)
grade1_profile28363_q3_LP_20251122_101304.mp3,This is Zara. She loves to draw. This is Faiz. He loves to build things.,These is Sara. She loves to draw. These is Faiz. She loves to draw. Be he.,NEEDS RE-LISTEN,6,0,1,this→these (PHONETIC) | zara→sara (PHONETIC) | this→these (PHONETIC) | he→she (PHONETIC) | build→be (MISHEARING) | things→he (MISHEARING)
grade1_profile28371_q2_QK_20251122_100724.mp3,It's locked. I can open it.,Its loo kid eye can topen i eat,NEEDS RE-LISTEN,5,0,2,it's→loo (MISHEARING) | locked→kid (REVIEW) | i→eye (MISHEARING) | open→i (MISHEARING) | it→eat (REVIEW)
grade1_profile28441_q3_LP_20251122_101304.mp3,This is Zara. She loves to draw. This is Faiz. He loves to build things.,These ease Zara. She she loves to draw. These ease Faiz. He loves to build thumbs things.,NEEDS RE-LISTEN,4,0,2,this→these (PHONETIC) | is→ease (MISHEARING) | this→these (PHONETIC) | is→ease (MISHEARING)
grade1_profile28470_q3_QK_20251122_101834.mp3,This is Zara. She loves to draw. This is Faiz. He loves to build things.,This is Zara. Loves she love to drawing. This is Faiz. He love two buldings build things.,NEEDS RE-LISTEN,4,0,2,loves→love (PHONETIC) | draw→drawing (PHONETIC) | loves→two (MISHEARING) | to→buldings (MISHEARING)
grade1_profile28519_q2_LP_20251122_100201.mp3,It's locked. I can open it.,Its lock duh we khan open it,NEEDS RE-LISTEN,4,0,1,it's→lock (MISHEARING) | locked→duh (MISHEARING) | i→we (MISHEARING) | can→khan (REVIEW)
grade1_profile28392_q2_LP_20251122_100201.mp3,It's locked. I can open it.,Come on you can do it together,NEEDS RE-LISTEN,4,0,1,it's→come (MISHEARING) | locked→on (MISHEARING) | i→you (MISHEARING) | open→do (MISHEARING)
grade1_profile28431_q3_LP_20251122_101304.mp3,This is Zara. She loves to draw. This is Faiz. He loves to build things.,This is Zara she loves two begin them love to,NEEDS RE-LISTEN,4,5,0,to→two (PHONETIC) | draw→begin (MISHEARING) | this→them (REVIEW) | is→love (MISHEARING)
grade1_profile28388_q1_QK_20251122_095622.mp3,Come on. We can do it  together.,Come on. We canned to eat two gether.,NEEDS RE-LISTEN,4,0,1,can→to (MISHEARING) | do→eat (MISHEARING) | it→two (REVIEW) | together→gether (PHONETIC)
grade1_profile28355_q2_QK_20251122_100724.mp3,It's locked. I can open it.,Its lock. Eye can open it.,NEEDS RE-LISTEN,3,0,0,it's→its (PHONETIC) | locked→lock (PHONETIC) | i→eye (MISHEARING)
grade1_profile28369_q2_LP_20251122_100201.mp3,It's locked. I can open it.,It is uh.,NEEDS RE-LISTEN,3,3,0,it's→it (PHONETIC) | locked→is (MISHEARING) | i→uh (MISHEARING)
grade1_profile30472_q2_LP_20251122_100201.mp3,It's locked. I can open it.,Its its looked i can pick it,NEEDS RE-LISTEN,3,0,1,it's→its (PHONETIC) | locked→looked (PHONETIC) | open→pick (MISHEARING)
grade1_profile28417_q3_LP_20251122_101304.mp3,This is Zara. She loves to draw. This is Faiz. He loves to build things.,This is Zara. She love to draw. This is Faiz. He love to built things things.,NEEDS RE-LISTEN,3,0,1,loves→love (PHONETIC) | loves→love (PHONETIC) | build→things (MISHEARING)
grade1_profile28345_q2_LP_20251122_100201.mp3,It's locked. I can open it.,Lock. Eye can open i-.,NEEDS RE-LISTEN,3,1,0,it's→lock (MISHEARING) | locked→eye (MISHEARING) | it→i (PHONETIC)
grade1_profile28431_q1_LP_20251122_095026.mp3,Come on. We can do it  together.,Come on we can two eat the together,NEEDS RE-LISTEN,2,0,1,do→eat (MISHEARING) | it→the (REVIEW)
grade1_profile28468_q1_LP_20251122_095026.mp3,Come on. We can do it  together.,Come on we can't gather,NEEDS RE-LISTEN,2,2,0,can→can't (PHONETIC) | do→gather (MISHEARING)
grade1_profile30485_q1_LP_20251122_095026.mp3,Come on. We can do it  together.,Come on we cant to eat do gather,NEEDS RE-LISTEN,2,1,2,can→eat (MISHEARING) | it→gather (MISHEARING)
grade1_profile30569_q2_QK_20251122_100724.mp3,It's locked. I can open it.,Its logit i can open,NEEDS RE-LISTEN,2,1,0,it's→its (PHONETIC) | locked→logit (MISHEARING)
grade1_profile31204_q3_LP_20251122_101304.mp3,This is Zara. She loves to draw. This is Faiz. He loves to build things.,This ease Zara she loves to draw this is Faiz he loves to build build dings,NEEDS RE-LISTEN,2,0,1,is→ease (MISHEARING) | things→dings (PHONETIC)
grade1_profile30665_q2_LP_20251122_100201.mp3,It's locked. I can open it.,It looks look. I can open it I can open it.,NEEDS RE-LISTEN,2,0,5,it's→open (MISHEARING) | locked→it (MISHEARING)
grade1_profile28355_q2_LP_20251122_100201.mp3,It's locked. I can open it.,It's lock. Eye can open it.,NEEDS RE-LISTEN,2,0,0,locked→lock (PHONETIC) | i→eye (MISHEARING)
grade1_profile28485_q2_LP_20251122_100201.mp3,It's locked. I can open it.,It is.,NEEDS RE-LISTEN,2,4,0,it's→it (PHONETIC) | locked→is (MISHEARING)
grade1_profile28518_q2_QK_20251122_100724.mp3,It's locked. I can open it.,Is locked. Eye can open it.,NEEDS RE-LISTEN,2,0,0,it's→is (PHONETIC) | i→eye (MISHEARING)
grade1_profile31204_q2_LP_20251122_100201.mp3,It's locked. I can open it.,It's locked. Eye can open it,NEEDS RE-LISTEN,1,0,0,i→eye (MISHEARING)
grade1_profile28392_q1_LP_20251122_095026.mp3,Come on. We can do it  together.,Come on you can do it,NEEDS RE-LISTEN,1,1,0,we→you (MISHEARING)
grade1_profile28510_q2_LP_20251122_100201.mp3,It's locked. I can open it.,It lock haena locked i can open it,NEEDS RE-LISTEN,1,0,2,it's→haena (MISHEARING)
grade1_profile28385_q2_LP_20251122_100201.mp3,It's locked. I can open it.,Yes,NEEDS RE-LISTEN,1,5,0,it's→yes (MISHEARING)
grade1_profile28345_q3_QK_20251122_101834.mp3,This is Zara. She loves to draw. This is Faiz. He loves to build things.,This is Zara she loves to draw this is Faiz he loves to paint things,NEEDS RE-LISTEN,1,0,0,build→paint (MISHEARING)
grade1_profile31293_q1_LP_20251122_095026.mp3,Come on. We can do it  together.,Cup on. We can do it together.,NEEDS RE-LISTEN,1,0,0,come→cup (MISHEARING)
grade1_profile28402_q3_LP_20251122_101304.mp3,This is Zara. She loves to draw. This is Faiz. He loves to build things.,This is Zara. She love to drawin. This is Faizan. He love to building things.,PHONETIC FIX,5,0,0,loves→love (PHONETIC) | draw→drawin (PHONETIC) | faiz→faizan (PHONETIC) | loves→love (PHONETIC) | build→building (PHONETIC)
grade1_profile30482_q3_LP_20251122_101304.mp3,This is Zara. She loves to draw. This is Faiz. He loves to build things.,These is Faiz. He love to built thing.,PHONETIC FIX,4,7,0,this→these (PHONETIC) | loves→love (PHONETIC) | build→built (PHONETIC) | things→thing (PHONETIC)
grade1_profile31192_q3_QK_20251122_101834.mp3,This is Zara. She loves to draw. This is Faiz. He loves to build things.,This is Zara. She love to draw. This is Fair. He love to buildings.,PHONETIC FIX,4,1,0,loves→love (PHONETIC) | faiz→fair (PHONETIC) | loves→love (PHONETIC) | build→buildings (PHONETIC)
grade1_profile28355_q3_QK_20251122_101834.mp3,This is Zara. She loves to draw. This is Faiz. He loves to build things.,These is Zara she loved to draa this is Faiz he loves to building things,PHONETIC FIX,4,0,0,this→these (PHONETIC) | loves→loved (PHONETIC) | draw→draa (PHONETIC) | build→building (PHONETIC)
grade1_profile28375_q3_LP_20251122_101304.mp3,This is Zara. She loves to draw. This is Faiz. He loves to build things.,This is Zara he love to draa this is faiz he loves to build thin,PHONETIC FIX,4,0,0,she→he (PHONETIC) | loves→love (PHONETIC) | draw→draa (PHONETIC) | things→thin (PHONETIC)
grade1_profile28516_q3_QK_20251122_101834.mp3,This is Zara. She loves to draw. This is Faiz. He loves to build things.,This is Zara she love to draw this is faiz he love to bewld thing,PHONETIC FIX,4,0,0,loves→love (PHONETIC) | loves→love (PHONETIC) | build→bewld (PHONETIC) | things→thing (PHONETIC)
grade1_profile30544_q3_QK_20251122_101834.mp3,This is Zara. She loves to draw. This is Faiz. He loves to build things.,This is Zara. She love to draw. This is Faiz. He love to build thing.,PHONETIC FIX,3,0,0,loves→love (PHONETIC) | loves→love (PHONETIC) | things→thing (PHONETIC)
grade1_profile30506_q3_LP_20251122_101304.mp3,This is Zara. She loves to draw. This is Faiz. He loves to build things.,This is Zara. He love to draw. Is is this is Faiz. Is he love to mil build things.,PHONETIC FIX,3,0,4,she→he (PHONETIC) | loves→love (PHONETIC) | loves→love (PHONETIC)
grade1_profile28382_q2_LP_20251122_100201.mp3,It's locked. I can open it.,Is flock i can openly,PHONETIC FIX,3,1,0,it's→is (PHONETIC) | locked→flock (PHONETIC) | open→openly (PHONETIC)
grade1_profile30496_q2_QK_20251122_100724.mp3,It's locked. I can open it.,Its logged i can awpen it,PHONETIC FIX,3,0,0,it's→its (PHONETIC) | locked→logged (PHONETIC) | open→awpen (PHONETIC)
grade1_profile28421_q3_LP_20251122_101304.mp3,This is Zara. She loves to draw. This is Faiz. He loves to build things.,This is Zara she loves to draa this is Faiz he love to build thing,PHONETIC FIX,3,0,0,draw→draa (PHONETIC) | loves→love (PHONETIC) | things→thing (PHONETIC)
grade1_profile28473_q3_QK_20251122_101834.mp3,This is Zara. She loves to draw. This is Faiz. He loves to build things.,is Zara she love draw this is faiz he love to build thing,PHONETIC FIX,3,2,0,loves→love (PHONETIC) | loves→love (PHONETIC) | things→thing (PHONETIC)
grade1_profile30490_q3_QK_20251122_101834.mp3,This is Zara. She loves to draw. This is Faiz. He loves to build things.,This is Zara she loves to draa this is faiz he loves to builds thing,PHONETIC FIX,3,0,0,draw→draa (PHONETIC) | build→builds (PHONETIC) | things→thing (PHONETIC)
grade1_profile28375_q3_QK_20251122_101834.mp3,This is Zara. She loves to draw. This is Faiz. He loves to build things.,This is Zara she live to draa this is Faiz he love to build things,PHONETIC FIX,3,0,0,loves→live (PHONETIC) | draw→draa (PHONETIC) | loves→love (PHONETIC)
grade1_profile28382_q3_QK_20251122_101834.mp3,This is Zara. She loves to draw. This is Faiz. He loves to build things.,This is Zara. She love to draw. This is Faiz. He loves two buildings.,PHONETIC FIX,3,1,0,loves→love (PHONETIC) | to→two (PHONETIC) | build→buildings (PHONETIC)
grade1_profile30840_q3_QK_20251122_101834.mp3,This is Zara. She loves to draw. This is Faiz. He loves to build things.,This is Zara. She love to draw. This is Faiz. She love to build things build things.,PHONETIC FIX,3,0,2,loves→love (PHONETIC) | he→she (PHONETIC) | loves→love (PHONETIC)
grade1_profile28388_q2_QK_20251122_100724.mp3,It's locked. I can open it.,It's lock. I cant open it,PHONETIC FIX,2,0,0,locked→lock (PHONETIC) | can→cant (PHONETIC)
grade1_profile31192_q2_QK_20251122_100724.mp3,It's locked. I can open it.,Its lock. I can open it.,PHONETIC FIX,2,0,0,it's→its (PHONETIC) | locked→lock (PHONETIC)
grade1_profile28518_q3_QK_20251122_101834.mp3,This is Zara. She loves to draw. This is Faiz. He loves to build things.,This is Zara. She love to draw. This is Faiz. He love to build things.,PHONETIC FIX,2,0,0,loves→love (PHONETIC) | loves→love (PHONETIC)
grade1_profile28401_q1_QK_20251122_095622.mp3,Come on. We can do it  together.,Come own. We can do it to gather.,PHONETIC FIX,2,0,1,on→own (PHONETIC) | together→gather (PHONETIC)
grade1_profile30684_q1_QK_20251122_095622.mp3,Come on. We can do it  together.,Come oven. We can do it too gether.,PHONETIC FIX,2,0,1,on→oven (PHONETIC) | together→gether (PHONETIC)
grade1_profile30490_q3_LP_20251122_101304.mp3,This is Zara. She loves to draw. This is Faiz. He loves to build things.,This is Zara. She love to draw. This is Faiza Faiz. He love to build things.,PHONETIC FIX,2,0,1,loves→love (PHONETIC) | loves→love (PHONETIC)
grade1_profile28441_q3_QK_20251122_101834.mp3,This is Zara. She loves to draw. This is Faiz. He loves to build things.,This is Zara. She loves to draw. This is Faiz. He love to build thing.,PHONETIC FIX,2,0,0,loves→love (PHONETIC) | things→thing (PHONETIC)
grade1_profile30569_q2_LP_20251122_100201.mp3,It's locked. I can open it.,Its lock. I can open it.,PHONETIC FIX,2,0,0,it's→its (PHONETIC) | locked→lock (PHONETIC)
grade1_profile28390_q3_LP_20251122_101304.mp3,This is Zara. She loves to draw. This is Faiz. He loves to build things.,This is Zara. She loves to draw. This is Faiz. He love to buld buld things.,PHONETIC FIX,2,0,1,loves→love (PHONETIC) | build→buld (PHONETIC)
grade1_profile28510_q3_LP_20251122_101304.mp3,This is Zara. She loves to draw. This is Faiz. He loves to build things.,This is Zara. She love to draw. This is Faiz. He loved to build things.,PHONETIC FIX,2,0,0,loves→love (PHONETIC) | loves→loved (PHONETIC)
grade1_profile28463_q3_QK_20251122_101834.mp3,This is Zara. She loves to draw. This is Faiz. He loves to build things.,This is Zara. She love to draw. Is this is Faiz. He love to building build thing build things.,PHONETIC FIX,2,0,4,loves→love (PHONETIC) | loves→love (PHONETIC)
grade1_profile28473_q2_LP_20251122_100201.mp3,It's locked. I can open it.,It Its lock. I can open open it.,PHONETIC FIX,2,0,2,it's→its (PHONETIC) | locked→lock (PHONETIC)
grade1_profile28512_q2_QK_20251122_100724.mp3,It's locked. I can open it.,Its lockid. I can open it.,PHONETIC FIX,2,0,0,it's→its (PHONETIC) | locked→lockid (PHONETIC)
grade1_profile28451_q3_QK_20251122_101834.mp3,This is Zara. She loves to draw. This is Faiz. He loves to build things.,This is Zara. She love to draw things. This is Faiz. He love to build things.,PHONETIC FIX,2,0,1,loves→love (PHONETIC) | loves→love (PHONETIC)
grade1_profile31361_q3_LP_20251122_101304.mp3,This is Zara. She loves to draw. This is Faiz. He loves to build things.,This is Zara. She love to draw. This is Faiz. He love to build things.,PHONETIC FIX,2,0,0,loves→love (PHONETIC) | loves→love (PHONETIC)
grade1_profile30575_q1_QK_20251122_095622.mp3,Come on. We can do it  together.,Come own we can do it to gather,PHONETIC FIX,2,0,1,on→own (PHONETIC) | together→gather (PHONETIC)
grade1_profile30476_q1_LP_20251122_095026.mp3,Come on. We can do it  together.,Come own we can do it to gather,PHONETIC FIX,2,0,1,on→own (PHONETIC) | together→gather (PHONETIC)
grade1_profile28390_q2_LP_20251122_100201.mp3,It's locked. I can open it.,Its locked i can awpen it,PHONETIC FIX,2,0,0,it's→its (PHONETIC) | open→awpen (PHONETIC)
grade1_profile28428_q2_QK_20251122_100724.mp3,It's locked. I can open it.,Its locked i can awpen it,PHONETIC FIX,2,0,0,it's→its (PHONETIC) | open→awpen (PHONETIC)
grade1_profile28399_q2_LP_20251122_100201.mp3,It's locked. I can open it.,Its lock i can open,PHONETIC FIX,2,1,0,it's→its (PHONETIC) | locked→lock (PHONETIC)
grade1_profile28369_q2_QK_20251122_100724.mp3,It's locked. I can open it.,Its lock i can open it,PHONETIC FIX,2,0,0,it's→its (PHONETIC) | locked→lock (PHONETIC)
grade1_profile30490_q2_QK_20251122_100724.mp3,It's locked. I can open it.,Its looked i can open it,PHONETIC FIX,2,0,0,it's→its (PHONETIC) | locked→looked (PHONETIC)
grade1_profile28401_q2_LP_20251122_100201.mp3,It's locked. I can open it.,Its lowked i can open it,PHONETIC FIX,2,0,0,it's→its (PHONETIC) | locked→lowked (PHONETIC)
grade1_profile30822_q2_QK_20251122_100724.mp3,It's locked. I can open it.,Its locked i can awpen it,PHONETIC FIX,2,0,0,it's→its (PHONETIC) | open→awpen (PHONETIC)
grade1_profile28463_q2_QK_20251122_100724.mp3,It's locked. I can open it.,It look i can open it,PHONETIC FIX,2,0,0,it's→it (PHONETIC) | locked→look (PHONETIC)
grade1_profile28359_q3_LP_20251122_101304.mp3,This is Zara. She loves to draw. This is Faiz. He loves to build things.,This is Sara she loves to draa this is Faiz he loves to build things,PHONETIC FIX,2,0,0,zara→sara (PHONETIC) | draw→draa (PHONETIC)
grade1_profile28349_q3_QK_20251122_101834.mp3,This is Zara. She loves to draw. This is Faiz. He loves to build things.,This is Zara she love to draw this is Faiz he love to build things,PHONETIC FIX,2,0,0,loves→love (PHONETIC) | loves→love (PHONETIC)
grade1_profile30586_q3_LP_20251122_101304.mp3,This is Zara. She loves to draw. This is Faiz. He loves to build things.,This is Zara this is zara she love to draw she love to draw this is Faiz this is faiz he love to build things he love to bliz things,PHONETIC FIX,2,0,15,loves→love (PHONETIC) | loves→love (PHONETIC)
grade1_profile28516_q2_LP_20251122_100201.mp3,It's locked. I can open it.,Its lock. I can open it,PHONETIC FIX,2,0,0,it's→its (PHONETIC) | locked→lock (PHONETIC)
grade1_profile28425_q2_LP_20251122_100201.mp3,It's locked. I can open it.,Its lock. I can open it,PHONETIC FIX,2,0,0,it's→its (PHONETIC) | locked→lock (PHONETIC)
grade1_profile28417_q1_LP_20251122_095026.mp3,Come on. We can do it  together.,Com on. We cen do it together.,PHONETIC FIX,2,0,0,come→com (PHONETIC) | can→cen (PHONETIC)
grade1_profile30544_q3_LP_20251122_101304.mp3,This is Zara. She loves to draw. This is Faiz. He loves to build things.,This is Zara. She love to to draw. This is Faiz. He love to build things.,PHONETIC FIX,2,0,1,loves→love (PHONETIC) | loves→love (PHONETIC)
grade1_profile30581_q3_LP_20251122_101304.mp3,This is Zara. She loves to draw. This is Faiz. He loves to build things.,These is Zara. She loves to draw. These is Faiz. He loves to build things.,PHONETIC FIX,2,0,0,this→these (PHONETIC) | this→these (PHONETIC)
grade1_profile28448_q3_QK_20251122_101834.mp3,This is Zara. She loves to draw. This is Faiz. He loves to build things.,This is Zara. She love to draw. This is Faiz. He love to build things.,PHONETIC FIX,2,0,0,loves→love (PHONETIC) | loves→love (PHONETIC)
grade1_profile30823_q1_LP_20251122_095026.mp3,Come on. We can do it  together.,Come on we can do it two gethe,PHONETIC FIX,1,0,1,together→gethe (PHONETIC)
grade1_profile28446_q1_QK_20251122_095622.mp3,Come on. We can do it  together.,Come on we can do it two gether,PHONETIC FIX,1,0,1,together→gether (PHONETIC)
grade1_profile28456_q1_QK_20251122_095622.mp3,Come on. We can do it  together.,Come on we can do it too gether,PHONETIC FIX,1,0,1,together→gether (PHONETIC)
grade1_profile28392_q3_LP_20251122_101304.mp3,This is Zara. She loves to draw. This is Faiz. He loves to build things.,This is Zara. She love to draw.,PHONETIC FIX,1,8,0,loves→love (PHONETIC)
grade1_profile28518_q2_LP_20251122_100201.mp3,It's locked. I can open it.,It's lock. I can open it.,PHONETIC FIX,1,0,0,locked→lock (PHONETIC)
grade1_profile30467_q2_QK_20251122_100724.mp3,It's locked. I can open it.,It's logged. I can open it.,PHONETIC FIX,1,0,0,locked→logged (PHONETIC)
grade1_profile28446_q3_QK_20251122_101834.mp3,This is Zara. She loves to draw. This is Faiz. He loves to build things.,This is Zara. She loves to draw. This is Faiz. He loves to build built thin.,PHONETIC FIX,1,0,1,things→thin (PHONETIC)
grade1_profile28355_q1_QK_20251122_095622.mp3,Come on. We can do it  together.,On. We can do it gather.,PHONETIC FIX,1,1,0,together→gather (PHONETIC)
grade1_profile28391_q1_QK_20251122_095622.mp3,Come on. We can do it  together.,We can do it do it to gather.,PHONETIC FIX,1,2,3,together→gather (PHONETIC)
grade1_profile31184_q2_QK_20251122_100724.mp3,It's locked. I can open it.,It's logged. I can open it.,PHONETIC FIX,1,0,0,locked→logged (PHONETIC)
grade1_profile31205_q1_LP_20251122_095026.mp3,Come on. We can do it  together.,Com on. We can do it together.,PHONETIC FIX,1,0,0,come→com (PHONETIC)
grade1_profile28347_q1_LP_20251122_095026.mp3,Come on. We can do it  together.,Come on. We can do it togeth.,PHONETIC FIX,1,0,0,together→togeth (PHONETIC)
grade1_profile31361_q1_LP_20251122_095026.mp3,Come on. We can do it  together.,Come on. We can do it to gather.,PHONETIC FIX,1,0,1,together→gather (PHONETIC)
grade1_profile30630_q3_QK_20251122_101834.mp3,This is Zara. She loves to draw. This is Faiz. He loves to build things.,This is Zara. She loves to draw. This is Faiz. He love to build things.,PHONETIC FIX,1,0,0,loves→love (PHONETIC)
grade1_profile28512_q3_QK_20251122_101834.mp3,This is Zara. She loves to draw. This is Faiz. He loves to build things.,This is Zara. She loves to draw. This is Faiz. He loves to buld things.,PHONETIC FIX,1,0,0,build→buld (PHONETIC)
grade1_profile31184_q1_QK_20251122_095622.mp3,Come on. We can do it  together.,Come on we can do it to gather,PHONETIC FIX,1,0,1,together→gather (PHONETIC)
grade1_profile28376_q1_QK_20251122_095622.mp3,Come on. We can do it  together.,Come on we can do it to gather,PHONETIC FIX,1,0,1,together→gather (PHONETIC)
grade1_profile30630_q1_QK_20251122_095622.mp3,Come on. We can do it  together.,Come on we can do it to gather,PHONETIC FIX,1,0,1,together→gather (PHONETIC)
grade1_profile28347_q1_QK_20251122_095622.mp3,Come on. We can do it  together.,Come own we can do it together,PHONETIC FIX,1,0,0,on→own (PHONETIC)
grade1_profile28443_q2_QK_20251122_100724.mp3,It's locked. I can open it.,Its locked i can open it,PHONETIC FIX,1,0,0,it's→its (PHONETIC)
grade1_profile28428_q2_LP_20251122_100201.mp3,It's locked. I can open it.,Its locked i can open it,PHONETIC FIX,1,0,0,it's→its (PHONETIC)
grade1_profile30586_q2_QK_20251122_100724.mp3,It's locked. I can open it.,Its locked its locked i can open it i can open it,PHONETIC FIX,1,0,6,it's→its (PHONETIC)
grade1_profile28423_q2_LP_20251122_100201.mp3,It's locked. I can open it.,Its locked i can open it,PHONETIC FIX,1,0,0,it's→its (PHONETIC)
grade1_profile28457_q2_QK_20251122_100724.mp3,It's locked. I can open it.,Its locked i can open it,PHONETIC FIX,1,0,0,it's→its (PHONETIC)
grade1_profile28398_q3_QK_20251122_101834.mp3,This is Zara. She loves to draw. This is Faiz. He loves to build things.,This is Zara she loves to draw this is Faiz he loves to buld things,PHONETIC FIX,1,0,0,build→buld (PHONETIC)
grade1_profile30626_q3_LP_20251122_101304.mp3,This is Zara. She loves to draw. This is Faiz. He loves to build things.,This is Zara she loves to drow this is Faiz he loves to build things,PHONETIC FIX,1,0,0,draw→drow (PHONETIC)
grade1_profile28519_q1_LP_20251122_095026.mp3,Come on. We can do it  together.,Come on. We can do it too gether.,PHONETIC FIX,1,0,1,together→gether (PHONETIC)
grade1_profile28362_q2_QK_20251122_100724.mp3,It's locked. I can open it.,Its locked. I can open it.,PHONETIC FIX,1,0,0,it's→its (PHONETIC)
grade1_profile28401_q2_QK_20251122_100724.mp3,It's locked. I can open it.,Its locked. I can open it.,PHONETIC FIX,1,0,0,it's→its (PHONETIC)
grade1_profile28471_q3_QK_20251122_101834.mp3,This is Zara. She loves to draw. This is Faiz. He loves to build things.,This is Zara. She loves to draw. This is Faiz. He love to build things.,PHONETIC FIX,1,0,0,loves→love (PHONETIC)
grade1_profile30482_q2_QK_20251122_100724.mp3,It's locked. I can open it.,It's look. I can open.,PHONETIC FIX,1,1,0,locked→look (PHONETIC)
grade1_profile30695_q2_LP_20251122_100201.mp3,It's locked. I can open it.,Is locked. I can open it.,PHONETIC FIX,1,0,0,it's→is (PHONETIC)
grade1_profile28417_q1_QK_20251122_095622.mp3,Come on. We can do it  together.,Come on. We can do it it the gether.,PHONETIC FIX,1,0,2,together→gether (PHONETIC)
grade1_profile28473_q1_QK_20251122_095622.mp3,Come on. We can do it  together.,Come on on. We can do it two gether.,PHONETIC FIX,1,0,2,together→gether (PHONETIC)
grade1_profile28352_q3_QK_20251122_101834.mp3,This is Zara. She loves to draw. This is Faiz. He loves to build things.,This is Zara. She loves to draw. This is Faiz. He loves to build this.,PHONETIC FIX,1,0,0,things→this (PHONETIC)
grade1_profile28518_q1_LP_20251122_095026.mp3,Come on. We can do it  together.,Come on. We can do it too gether.,PHONETIC FIX,1,0,1,together→gether (PHONETIC)
grade1_profile28429_q1_LP_20251122_095026.mp3,Come on. We can do it  together.,Come on. We can do it uh too gether.,PHONETIC FIX,1,0,2,together→gether (PHONETIC)
grade1_profile28448_q2_LP_20251122_100201.mp3,It's locked. I can open it.,It's lock. I can open it.,PHONETIC FIX,1,0,0,locked→lock (PHONETIC)
grade1_profile31206_q3_QK_20251122_101834.mp3,This is Zara. She loves to draw. This is Faiz. He loves to build things.,This is Zara. She loves to draw. This is Faiz. She loves to build things.,PHONETIC FIX,1,0,0,he→she (PHONETIC)
grade1_profile28371_q1_LP_20251122_095026.mp3,Come on. We can do it  together.,Come on Come on on Come on on we can do it gather,PHONETIC FIX,1,0,6,together→gather (PHONETIC)
grade1_profile28350_q2_LP_20251122_100201.mp3,It's locked. I can open it.,Is locked. I can open it.,PHONETIC FIX,1,0,0,it's→is (PHONETIC)
grade1_profile28395_q1_LP_20251122_095026.mp3,Come on. We can do it  together.,We can.,PHONETIC FIX,0,5,0,
grade1_profile28429_q3_LP_20251122_101304.mp3,This is Zara. She loves to draw. This is Faiz. He loves to build things.,This is Zara. She loves to draw. This is mmm Faiz. He loves to bib build things.,PHONETIC FIX,0,0,2,
grade1_profile31203_q3_LP_20251122_101304.mp3,This is Zara. She loves to draw. This is Faiz. He loves to build things.,This is Zara. She loves to draw. This is Faiz Fay Faiz. He loves to build things.,PHONETIC FIX,0,0,2,
grade1_profile28518_q1_QK_20251122_095622.mp3,Come on. We can do it  together.,Come on we can two do it together,PHONETIC FIX,0,0,1,
grade1_profile28498_q3_LP_20251122_101304.mp3,This is Zara. She loves to draw. This is Faiz. He loves to build things.,This is Fai this is a Zara. This is a Zara. She loves to draw. This is a Faiz. He loves to build things.,PHONETIC FIX,0,0,9,
grade1_profile30586_q1_QK_20251122_095622.mp3,Come on. We can do it  together.,On. Come on. We can do it together. We can. To eat. to eat. together. together,PHONETIC FIX,0,0,9,
grade1_profile28391_q2_QK_20251122_100724.mp3,It's locked. I can open it.,I can open it mumma,PHONETIC FIX,0,2,1,
grade1_profile31192_q2_LP_20251122_100201.mp3,It's locked. I can open it.,Is lock I can awpen ick,REVIEW,4,0,0,it's→is (PHONETIC) | locked→lock (PHONETIC) | open→awpen (PHONETIC) | it→ick (REVIEW)
grade1_profile28475_q3_LP_20251122_101304.mp3,This is Zara. She loves to draw. This is Faiz. He loves to build things.,He's is Zara. She love to dawr draw. This is Faiz. He love to built things.,REVIEW,4,0,1,this→he's (REVIEW) | loves→love (PHONETIC) | loves→love (PHONETIC) | build→built (PHONETIC)
grade1_profile28395_q2_QK_20251122_100724.mp3,It's locked. I can open it.,Eats lock i can open eat,REVIEW,3,0,0,it's→eats (REVIEW) | locked→lock (PHONETIC) | it→eat (REVIEW)
grade1_profile28385_q3_QK_20251122_101834.mp3,This is Zara. She loves to draw. This is Faiz. He loves to build things.,Its this is Zara. She loves to draw. The is Faiz. Hell he's love to build things.,REVIEW,3,0,2,this→the (REVIEW) | he→he's (PHONETIC) | loves→love (PHONETIC)
grade1_profile28463_q2_LP_20251122_100201.mp3,It's locked. I can open it.,Is lock. I can open did.,REVIEW,3,0,0,it's→is (PHONETIC) | locked→lock (PHONETIC) | it→did (REVIEW)
grade1_profile28485_q3_LP_20251122_101304.mp3,This is Zara. She loves to draw. This is Faiz. He loves to build things.,This is Zara. She loves to drawi- draw. This is Raza. She loves to buld things.,REVIEW,3,0,1,faiz→raza (REVIEW) | he→she (PHONETIC) | build→buld (PHONETIC)
grade1_profile28364_q1_QK_20251122_095622.mp3,Come on. We can do it  together.,Come on we can do eat to gather,REVIEW,2,0,1,it→to (REVIEW) | together→gather (PHONETIC)
grade1_profile28349_q1_QK_20251122_095622.mp3,Come on. We can do it  together.,Come on. We can do eat two gether.,REVIEW,2,0,1,it→two (REVIEW) | together→gether (PHONETIC)
grade1_profile28466_q3_LP_20251122_101304.mp3,This is Zara. She loves to draw. This is Faiz. He loves to build things.,These is Zara. She loves to draw. This is Faiz. He loves to lid things.,REVIEW,2,0,0,this→these (PHONETIC) | build→lid (REVIEW)
grade1_profile28382_q1_LP_20251122_095026.mp3,Come on. We can do it  together.,Come on we can to eat together,REVIEW,2,0,0,do→to (REVIEW) | it→eat (REVIEW)
grade1_profile30482_q1_LP_20251122_095026.mp3,Come on. We can do it  together.,Come on we cant do eat together,REVIEW,2,0,0,can→cant (PHONETIC) | it→eat (REVIEW)
grade1_profile28389_q1_QK_20251122_095622.mp3,Come on. We can do it  together.,Come on we can do eat to gather,REVIEW,2,0,1,it→to (REVIEW) | together→gather (PHONETIC)
grade1_profile30569_q1_QK_20251122_095622.mp3,Come on. We can do it  together.,Come on we can do eat to gather,REVIEW,2,0,1,it→to (REVIEW) | together→gather (PHONETIC)
grade1_profile28352_q2_LP_20251122_100201.mp3,It's locked. I can open it.,It its laad i can open it,REVIEW,2,0,1,it's→its (PHONETIC) | locked→laad (REVIEW)
grade1_profile30626_q2_QK_20251122_100724.mp3,It's locked. I can open it.,Its locked i can open eat,REVIEW,2,0,0,it's→its (PHONETIC) | it→eat (REVIEW)
grade1_profile28352_q2_QK_20251122_100724.mp3,It's locked. I can open it.,Its lot i can open it,REVIEW,2,0,0,it's→its (PHONETIC) | locked→lot (REVIEW)
grade1_profile28470_q2_LP_20251122_100201.mp3,It's locked. I can open it.,Eats lock. I can open it.,REVIEW,2,0,0,it's→eats (REVIEW) | locked→lock (PHONETIC)
grade1_profile31205_q1_QK_20251122_095622.mp3,Come on. We can do it  together.,Com on. We can do eat together.,REVIEW,2,0,0,come→com (PHONETIC) | it→eat (REVIEW)
grade1_profile30575_q2_QK_20251122_100724.mp3,It's locked. I can open it.,It's lock. I can open eat.,REVIEW,2,0,0,locked→lock (PHONETIC) | it→eat (REVIEW)
grade1_profile28363_q2_QK_20251122_100724.mp3,It's locked. I can open it.,This is slow. I can open it.,REVIEW,2,0,1,it's→is (PHONETIC) | locked→slow (REVIEW)
grade1_profile28344_q1_LP_20251122_095026.mp3,Come on. We can do it  together.,Com on. We can do eat together.,REVIEW,2,0,0,come→com (PHONETIC) | it→eat (REVIEW)
grade1_profile28514_q1_LP_20251122_095026.mp3,Come on. We can do it  together.,Come on we can do eat together,REVIEW,1,0,0,it→eat (REVIEW)
grade1_profile31203_q1_QK_20251122_095622.mp3,Come on. We can do it  together.,Come on we can do eat together,REVIEW,1,0,0,it→eat (REVIEW)
grade1_profile28514_q1_QK_20251122_095622.mp3,Come on. We can do it  together.,Come on. We can do eat together.,REVIEW,1,0,0,it→eat (REVIEW)
grade1_profile28498_q1_QK_20251122_095622.mp3,Come on. We can do it  together.,Come on we can do it to get,REVIEW,1,0,1,together→get (REVIEW)
grade1_profile28344_q1_QK_20251122_095622.mp3,Come on. We can do it  together.,We can do it to get,REVIEW,1,2,1,together→get (REVIEW)
grade1_profile28465_q1_LP_20251122_095026.mp3,Come on. We can do it  together.,Come on we can do it to get,REVIEW,1,0,1,together→get (REVIEW)
grade1_profile28363_q1_LP_20251122_095026.mp3,Come on. We can do it  together.,Come on. We can to it together.,REVIEW,1,0,0,do→to (REVIEW)
grade1_profile30589_q1_LP_20251122_095026.mp3,Come on. We can do it  together.,Come on. We can do eat together.,REVIEW,1,0,0,it→eat (REVIEW)
