audio_file_name,question,grader_1,grader_2,transcription_1,transcription_2,inter_grader_wer
grade1_profile28390_q3_QK_20251122_101834.mp3,This is Zara. She loves to draw. This is Faiz. He loves to build things.,Amna,Abdullah,She loves to draw. This is faiz. He loves to build things,she loves to daw. This is faiz. He loves to build things,0.08333333333333333
grade1_profile28514_q1_LP_20251122_095026.mp3,Come on. We can do it  together.,Semal,Rehma,Come on we can do eat together,Come onnn. We can do it too gather,0.5714285714285714
grade1_profile28438_q1_LP_20251122_095026.mp3,Come on. We can do it  together.,Dania,Rukhshan,Come on. We can do it to gether.,Come on. We can do it together.,0.25
grade1_profile30823_q1_LP_20251122_095026.mp3,Come on. We can do it  together.,Semal,Rukhshan,Come on we can do it two gethe ,Come on. We can do it together.,0.25
grade1_profile30472_q1_QK_20251122_095622.mp3,Come on. We can do it  together.,Dania,Rehma,Come on. We can do it together.,Come on. We can do it together.,0.0
grade1_profile28446_q1_QK_20251122_095622.mp3,Come on. We can do it  together.,Semal,Amna,Come on we can do it two gether,comeon. we can do it together,0.5
grade1_profile30506_q1_LP_20251122_095026.mp3,Come on. We can do it  together.,Dania,Abdullah,Come on. W we we can do this do it together.,come on. you... we...we..we can do this do it together,0.2727272727272727
grade1_profile28364_q1_QK_20251122_095622.mp3,Come on. We can do it  together.,Semal,Abdullah,Come on we can do eat to gather,come on we caan can do eat together,0.375
grade1_profile30544_q1_QK_20251122_095622.mp3,Come on. We can do it  together.,Dania,Amna,Come on. We caan do it together.,comeon. we can doit together,0.7142857142857143
grade1_profile30544_q1_LP_20251122_095026.mp3,Come on. We can do it  together.,Rehma,Amna,Come ooonnnn. We caaaannn do it togetha,comeon. we can do it together,0.5714285714285714
grade1_profile31284_q1_LP_20251122_095026.mp3,Come on. We can do it  together.,Rukhshan,Abdullah,Come on. We can do eet twogether.,"come on. we, can, do it together",0.2857142857142857
grade1_profile28443_q1_QK_20251122_095622.mp3,Come on. We can do it  together.,Rehma,Abdullah,Come on. We can do it together.,come on we can can do it together,0.14285714285714285
grade1_profile28451_q1_QK_20251122_095622.mp3,Come on. We can do it  together.,Rukhshan,Amna,Come on. We can do it togeth,camon. we can do it togeth,0.2857142857142857
grade1_profile31203_q1_QK_20251122_095622.mp3,Come on. We can do it  together.,Semal,Dania,Come on we can do eat together,Come on we can do et together.,0.14285714285714285
grade1_profile28398_q2_LP_20251122_100201.mp3,It's locked. I can open it.,Rehma,Rukhshan,It's lock. I can open it.,It's locked. I can open it.,0.16666666666666666
grade1_profile28429_q2_QK_20251122_100724.mp3,It's locked. I can open it.,Amna,Abdullah,It's locked. I can open it,Its logged. I can open it,0.3333333333333333
grade1_profile28388_q2_QK_20251122_100724.mp3,It's locked. I can open it.,Semal,Rehma,It's lock. I cant open it,It's lock. I can't open it.,0.16666666666666666
grade1_profile28344_q2_QK_20251122_100724.mp3,It's locked. I can open it.,Dania,Rukhshan,It's loged. I can open it.,It's looked. I can open it.,0.16666666666666666
grade1_profile31204_q2_LP_20251122_100201.mp3,It's locked. I can open it.,Semal,Rukhshan,It's locked. Eye can open it,It's locked. Eye caan open it.,0.16666666666666666
grade1_profile30823_q2_QK_20251122_100724.mp3,It's locked. I can open it.,Dania,Rehma,It's lock. I can open it.,It's looock. I can open it.,0.16666666666666666
grade1_profile28395_q2_QK_20251122_100724.mp3,It's locked. I can open it.,Semal,Amna,Eats lock i can open eat,It's locked. I can open it,0.5
grade1_profile28509_q2_LP_20251122_100201.mp3,It's locked. I can open it.,Dania,Abdullah,It's loged. I can open it.,eats load .... load.. eye can open it,0.6666666666666666
grade1_profile31192_q2_QK_20251122_100724.mp3,It's locked. I can open it.,Semal,Abdullah,Its lock. I can open it. ,Its lock.. I can open it.,0.0
grade1_profile28457_q3_QK_20251122_101834.mp3,This is Zara. She loves to draw. This is Faiz. He loves to build things.,Dania,Amna,This is Zara. She loves to draw. This is Faiz. He loves to build things.,This is Zara. She loves to draw. This is Faiz. He loves to build things.,0.0
grade1_profile28382_q3_LP_20251122_101304.mp3,This is Zara. She loves to draw. This is Faiz. He loves to build things.,Rehma,Amna,This is Zara. She love to draw. This is Faaiz. He love to buil thing,This is Zara. She love to draw. This is Faiz. He loves to build thing.,0.2
grade1_profile31184_q3_LP_20251122_101304.mp3,This is Zara. She loves to draw. This is Faiz. He loves to build things.,Rukhshan,Abdullah,This is Zara. She loves to draw. This is Faaa. He loves to bubbles things.,"This is Zara. She loves to draw this, is faaz he loves to bubble things",0.13333333333333333
grade1_profile28456_q3_QK_20251122_101834.mp3,This is Zara. She loves to draw. This is Faiz. He loves to build things.,Rehma,Abdullah,This is Zara. She loves to draw. This is Faiz. He loves to build things.,This is zara. She loves to draw. This is Faiz. He loves to build things.,0.0
grade1_profile31184_q3_QK_20251122_101834.mp3,This is Zara. She loves to draw. This is Faiz. He loves to build things.,Rukhshan,Amna,This is Zara. She loves to draw. This is Faiz. He loves to building things.,This is Zara. She love to draw. This is Faiz. He loves to building thing.,0.13333333333333333
grade1_profile28392_q3_LP_20251122_101304.mp3,This is Zara. She loves to draw. This is Faiz. He loves to build things.,Semal,Dania,This is Zara. She love to draw.,This is Zara. She loves to draw. ,0.14285714285714285
grade1_profile28391_q3_QK_20251122_101834.mp3,This is Zara. She loves to draw. This is Faiz. He loves to build things.,Rehma,Rukhshan,This is Zara. She loves to draaaaw. This is Faiz. He love to buil thang,This is Zara. She love to dadra. This is Faiz. He loves to build thangs.,0.3333333333333333
grade1_profile28389_q3_LP_20251122_101304.mp3,This is Zara. She loves to draw. This is Faiz. He loves to build things.,Amna,Abdullah,"This is Zara. She lave to draw. This is Faiz. He love to ""bou-ild"" things.",This is zara. She love to draa. This is faiz. he loves to bile... bull...things,0.3333333333333333
grade1_profile28518_q3_QK_20251122_101834.mp3,This is Zara. She loves to draw. This is Faiz. He loves to build things.,Semal,Rehma,This is Zara. She love to draw. This is Faiz. He love to build things.,This is Zara. She love to draw. This is Faaiz. He love to buil things,0.13333333333333333
grade1_profile28364_q3_LP_20251122_101304.mp3,This is Zara. She loves to draw. This is Faiz. He loves to build things.,Dania,Rukhshan,This is Zara. She loves to draw. This is Saif. He loves to build things.  ,This is Zara. She laaves to draw. This is Faiz. He loves to baild things. ,0.2
grade1_profile28401_q3_QK_20251122_101834.mp3,This is Zara. She loves to draw. This is Faiz. He loves to build things.,Semal,Rukhshan,This is Zara. She loves to draw. This is Faiz. He loves to build things. ,This is Zara. She loves to draw. This is Faiz. He loves to build things.,0.0
grade1_profile28428_q3_QK_20251122_101834.mp3,This is Zara. She loves to draw. This is Faiz. He loves to build things.,Dania,Rehma,This is Zara. She loves to draw. This is Faiz. He loves to bald things.  ,This is Zara. She looooooves to draaw. This is Saif. He looooves to buil things,0.3333333333333333
grade1_profile28401_q1_QK_20251122_095622.mp3,Come on. We can do it  together.,Semal,Amna,Come own. We can do it to gather.,Come on. We can do it  together.,0.375
grade1_profile28466_q1_QK_20251122_095622.mp3,Come on. We can do it  together.,Semal,Abdullah,Come on. We can do it together.,"come onn, we can do it together",0.14285714285714285
grade1_profile28432_q1_QK_20251122_095622.mp3,Come on. We can do it  together.,Dania,Amna,Come on. We can do it together. ,Come on. We can do it  together.,0.0
grade1_profile28423_q1_QK_20251122_095622.mp3,Come on. We can do it  together.,Rehma,Amna,Come on. We can do it togetha,Come on. We can do it  together.,0.14285714285714285
grade1_profile28349_q1_QK_20251122_095622.mp3,Come on. We can do it  together.,Semal,Dania,Come on. We can do eat two gether.,Come on. We can do it together. ,0.375
grade1_profile28375_q1_LP_20251122_095026.mp3,Come on. We can do it  together.,Rehma,Rukhshan,Come on. We can do it  together.,Come on. We can do it together.,0.0
grade1_profile28518_q2_LP_20251122_100201.mp3,It's locked. I can open it.,Semal,Rehma,It's lock. I can open it.,Iss lock. I can open iit,0.3333333333333333
grade1_profile28392_q2_QK_20251122_100724.mp3,It's locked. I can open it.,Dania,Rukhshan,It's locked. Eye can open it. ,It's locked. I can open it.,0.16666666666666666
grade1_profile30822_q2_LP_20251122_100201.mp3,It's locked. I can open it.,Semal,Rukhshan,"It's locked. I can open it, ",It's loocked. I can open it.,0.16666666666666666
grade1_profile28509_q2_QK_20251122_100724.mp3,It's locked. I can open it.,Dania,Rehma,It's looged. I can open it.,It's loooord. I can open it,0.16666666666666666
grade1_profile30589_q2_QK_20251122_100724.mp3,It's locked. I can open it.,Semal,Amna,It's locked. I can open it.,It's locked. I can open it.,0.0
grade1_profile30481_q2_QK_20251122_100724.mp3,It's locked. I can open it.,Dania,Amna,It's looged. I can open it.,It's locked. I can open it.,0.16666666666666666
grade1_profile31205_q2_QK_20251122_100724.mp3,It's locked. I can open it.,Rehma,Amna,Ss locked. i can open i,It's locked. I can open it.,0.3333333333333333
grade1_profile30596_q3_QK_20251122_101834.mp3,This is Zara. She loves to draw. This is Faiz. He loves to build things.,Rukhshan,Amna,This is Zara. She laves to dra. This is Faiz. He loves to build things.,This is Zara. She loves to draw. This is Faiz. He lave to build things.,0.2
grade1_profile28401_q3_LP_20251122_101304.mp3,This is Zara. She loves to draw. This is Faiz. He loves to build things.,Semal,Dania,This is Zara. She loves to draw. This is Faiz. He loves to build things. ,This is Zara. She loves to draw. This is Faiiiz. He loves to build things. ,0.06666666666666667
grade1_profile30684_q3_LP_20251122_101304.mp3,This is Zara. She loves to draw. This is Faiz. He loves to build things.,Rehma,Rukhshan,This is Zara. She loves to draw. This is Faiz. He loves to buld things.,This is Zara. She loves to draw. This is Faiz. He loves to bwuild things.,0.06666666666666667
grade1_profile28466_q3_LP_20251122_101304.mp3,This is Zara. She loves to draw. This is Faiz. He loves to build things.,Semal,Rehma,These is Zara. She loves to draw. This is Faiz. He loves to lid things.,This is Zara. She loves to draw. This is Faaaiz. He loves to bilid things,0.2
grade1_profile30506_q3_QK_20251122_101834.mp3,This is Zara. She loves to draw. This is Faiz. He loves to build things.,Dania,Rukhshan,This is Z Zara. I this is draw. This is like draw.,This is Zara. I. Is it draw. This is like draw.,0.25
grade1_profile30490_q3_LP_20251122_101304.mp3,This is Zara. She loves to draw. This is Faiz. He loves to build things.,Semal,Rukhshan,This is Zara. She love to draw. This is Faiza Faiz. He love to build things. ,This is Zara. She love to draaw. This is Faiza. Faiz. He love to builduh things.,0.125
grade1_profile28466_q3_QK_20251122_101834.mp3,This is Zara. She loves to draw. This is Faiz. He loves to build things.,Dania,Rehma,This is Zara. She loves to draw. This is Faiz. He loves to build things.,This is Zara. She loves to draw. This is Faiz. He lpves to build thi,0.13333333333333333
grade1_profile28446_q3_QK_20251122_101834.mp3,This is Zara. She loves to draw. This is Faiz. He loves to build things.,Semal,Amna,This is Zara. She loves to draw. This is Faiz. He loves to build built thin. ,This is Zara. She loves to draw. This is Faiz. He loves to build thi,0.125
grade1_profile28444_q3_QK_20251122_101834.mp3,This is Zara. She loves to draw. This is Faiz. He loves to build things.,Dania,Amna,This is Zara. She loves to draw. This is Faiz. He loves to build things.,This is Zara. She loves to draw. This is Faiz. He loves to build thi,0.06666666666666667
grade1_profile31204_q3_QK_20251122_101834.mp3,This is Zara. She loves to draw. This is Faiz. He loves to build things.,Rehma,Amna,This is Zara. She lafs to bilts drrraaw. This is Faiz. He loves to build things,This is Zara. She loves to build draw. This is Faiz. He loves to build things.,0.1875
grade1_profile31284_q3_LP_20251122_101304.mp3,This is Zara. She loves to draw. This is Faiz. He loves to build things.,Rukhshan,Amna,This is Zara. She loves to draaa. This is Faiz. He laves to builduh things.,This is Zara. She loves to draw. This is Faiz. He loves to build things.,0.2
grade1_profile30544_q3_QK_20251122_101834.mp3,This is Zara. She loves to draw. This is Faiz. He loves to build things.,Semal,Dania,This is Zara. She love to draw. This is Faiz. He love to build thing. ,This is Zara. She love to draw. This is Faiz. He love to build things.,0.06666666666666667
grade1_profile28444_q1_QK_20251122_095622.mp3,Come on. We can do it  together.,Rehma,Rukhshan,Come on. We can do it  together.,Come on. We can do it together.,0.0
grade1_profile28355_q1_QK_20251122_095622.mp3,Come on. We can do it  together.,Semal,Rehma,On. We can do it gather.,Onn. We can do it gather,0.16666666666666666
grade1_profile30589_q1_QK_20251122_095622.mp3,Come on. We can do it  together.,Dania,Rukhshan,Come on. We can do it together. ,on. We can do it together.,0.14285714285714285
grade1_profile28432_q1_LP_20251122_095026.mp3,Come on. We can do it  together.,Semal,Rukhshan,Come on. We can do it together.,Come on. Vi can do it together.,0.14285714285714285
grade1_profile28469_q1_LP_20251122_095026.mp3,Come on. We can do it  together.,Dania,Rehma,Come on. We can do it together. ,Come o come onn. We can do it together,0.42857142857142855
grade1_profile28514_q1_QK_20251122_095622.mp3,Come on. We can do it  together.,Semal,Amna,Come on. We can do eat together. ,Come on. Voi can do it together.,0.2857142857142857
grade1_profile28390_q2_QK_20251122_100724.mp3,It's locked. I can open it.,Dania,Amna,It. I can open it.,I can open it.,0.2
grade1_profile30581_q2_LP_20251122_100201.mp3,It's locked. I can open it.,Rehma,Amna,It's isss lock. I can open it,tiks is locked. I can open it,0.42857142857142855
grade1_profile28469_q2_LP_20251122_100201.mp3,It's locked. I can open it.,Rukhshan,Amna,Iz locked. I caan open it.,It's locked. I can open it.,0.3333333333333333
grade1_profile30569_q2_LP_20251122_100201.mp3,It's locked. I can open it.,Semal,Dania,Its lock. I can open it. ,It's lock. I can open it.,0.16666666666666666
grade1_profile30485_q2_LP_20251122_100201.mp3,It's locked. I can open it.,Rehma,Rukhshan,Isss loo. I can open it,Ees lock. I can open it.,0.3333333333333333
grade1_profile28355_q2_QK_20251122_100724.mp3,It's locked. I can open it.,Semal,Rehma,Its lock. Eye can open it.,It's lock. I can open e,0.5
grade1_profile30695_q2_QK_20251122_100724.mp3,It's locked. I can open it.,Dania,Rukhshan,It's locked. I can open it. ,It's locked. I can open it.,0.0
grade1_profile28369_q2_LP_20251122_100201.mp3,It's locked. I can open it.,Semal,Rukhshan,It is uh. ,It's laacked.,1.0
grade1_profile28516_q2_QK_20251122_100724.mp3,It's locked. I can open it.,Dania,Rehma,It's lock. I can open it.,Iss lock. I can open iit,0.3333333333333333
grade1_profile28347_q2_QK_20251122_100724.mp3,It's locked. I can open it.,Semal,Amna,It's locked. I can open it.,It's lock. I can open it.,0.16666666666666666
grade1_profile28385_q3_LP_20251122_101304.mp3,This is Zara. She loves to draw. This is Faiz. He loves to build things.,Dania,Amna,It's lock. I can open it. it.,It's lock. I can open it. it,0.0
grade1_profile28399_q3_LP_20251122_101304.mp3,This is Zara. She loves to draw. This is Faiz. He loves to build things.,Rehma,Amna,Come on. We can,come on. we,0.25
grade1_profile28450_q3_LP_20251122_101304.mp3,This is Zara. She loves to draw. This is Faiz. He loves to build things.,Rukhshan,Amna,This is Zara. She loves to draw. This is Faaiz. He loves to build things.,This is Zara. She love to draw. This is Faiez. She love to build things.,0.26666666666666666
grade1_profile28510_q3_LP_20251122_101304.mp3,This is Zara. She loves to draw. This is Faiz. He loves to build things.,Semal,Dania,This is Zara. She love to draw. This is Faiz. He loved to build things.,This is Zara. She love to draw. This is Faiz. He loves to build things.,0.06666666666666667
grade1_profile30496_q3_LP_20251122_101304.mp3,This is Zara. She loves to draw. This is Faiz. He loves to build things.,Rehma,Rukhshan,This is Sara a. She she loves to drraw. This is Faas. He love to build buil thin,This is Zaraaa. She loves to draw. This is Faaz. He love to build thing.,0.3888888888888889
grade1_profile28463_q3_QK_20251122_101834.mp3,This is Zara. She loves to draw. This is Faiz. He loves to build things.,Semal,Rehma,This is Zara. She love to draw. Is this is Faiz. He love to building build thing build things.,This is Zara. She laf to drraw. Is this is Faiz. He laf to building build thing build thing,0.21052631578947367
grade1_profile28381_q3_QK_20251122_101834.mp3,This is Zara. She loves to draw. This is Faiz. He loves to build things.,Dania,Rukhshan,This is Zara. She loves to draw. This is Faiz. He loves to build things.,This is Zara. She loves to draw. This is Faiz. He loves to build things.,0.0
grade1_profile30665_q3_QK_20251122_101834.mp3,This is Zara. She loves to draw. This is Faiz. He loves to build things.,Semal,Rukhshan,This is Zara. She loves to draw. This is Faiz. He loves to build things. ,Ths is Zaraa. She loves to draa. This is Faiz. He loves to build things.,0.2
grade1_profile30695_q3_LP_20251122_101304.mp3,This is Zara. She loves to draw. This is Faiz. He loves to build things.,Dania,Rehma,This is Zara. She loves draw. This is Faiz. He loves to build things.,This is Zara. She love drraw. This is Faiz. He loves to build thing,0.21428571428571427
grade1_profile31192_q3_QK_20251122_101834.mp3,This is Zara. She loves to draw. This is Faiz. He loves to build things.,Semal,Amna,This is Zara. She love to draw. This is Fair. He love to buildings.,This is Zara. She love to draw. This is Faiz. He love to buildings,0.07142857142857142
grade1_profile30581_q1_LP_20251122_095026.mp3,Come on. We can do it  together.,Dania,Amna,Come on. We can do it together. ,Come on. We can do it  together.,0.0
grade1_profile28493_q1_LP_20251122_095026.mp3,Come on. We can do it  together.,Rehma,Amna,Comon. We can do it together,Come on. We can do it  together.,0.3333333333333333
grade1_profile28385_q1_QK_20251122_095622.mp3,Come on. We can do it  together.,Rukhshan,Amna,Come oon. We can do it geth togethe,Come on. We can do it  together.,0.375
grade1_profile28347_q1_LP_20251122_095026.mp3,Come on. We can do it  together.,Semal,Dania,Come on. We can do it togeth. ,Come on. We can do it togeth.,0.0
grade1_profile28395_q1_QK_20251122_095622.mp3,Come on. We can do it  together.,Rehma,Rukhshan,Come on. We can do it  tooo gather.,Come on. We can do eet togader,0.375
grade1_profile31361_q1_LP_20251122_095026.mp3,Come on. We can do it  together.,Semal,Rehma,Come on. We can do it to gather. ,Come on. We can do it  tooo gather.,0.125
grade1_profile30684_q2_LP_20251122_100201.mp3,It's locked. I can open it.,Dania,Rukhshan,It's lock. I can open it.,It's loked. I can open it.,0.16666666666666666
grade1_profile30575_q2_LP_20251122_100201.mp3,It's locked. I can open it.,Dania,Rehma,It's lock. I can open it.,It's lock. I can open it.,0.0
grade1_profile28471_q2_QK_20251122_100724.mp3,It's locked. I can open it.,Semal,Amna,It's locked. I can open it. ,It's locked. I can open it.,0.0
grade1_profile30840_q2_LP_20251122_100201.mp3,It's locked. I can open it.,Dania,Amna,It's locked. I can open it.,It's locked. I can open it.,0.0
grade1_profile28468_q2_QK_20251122_100724.mp3,It's locked. I can open it.,Rehma,Amna,It's locked. I can open it.,It's locked. I can open it.,0.0
grade1_profile28465_q2_LP_20251122_100201.mp3,It's locked. I can open it.,Rukhshan,Amna,It's lock. I can open it.,It's lock. I can open it.,0.0
grade1_profile28451_q3_QK_20251122_101834.mp3,This is Zara. She loves to draw. This is Faiz. He loves to build things.,Semal,Dania,This is Zara. She love to draw things. This is Faiz. He love to build things.,This is Zara. She loves to draw things. This is Faiz. He loves to build things. ,0.125
grade1_profile30823_q3_LP_20251122_101304.mp3,This is Zara. She loves to draw. This is Faiz. He loves to build things.,Rehma,Rukhshan,This is Zara. She love to drrraw. This is Faiz. He love to build things.,This is Zara. She loves to draaw. This is Faiz. He loves to build things.,0.2
grade1_profile30630_q3_QK_20251122_101834.mp3,This is Zara. She loves to draw. This is Faiz. He loves to build things.,Semal,Rehma,This is Zara. She loves to draw. This is Faiz. He love to build things.,This is Zara. She loves to drrraw. This is Faiz. He loves to build things.,0.13333333333333333
grade1_profile28388_q3_LP_20251122_101304.mp3,This is Zara. She loves to draw. This is Faiz. He loves to build things.,Dania,Rukhshan,This is Zara. She loves to draw.,This is Zara. She loves to draw.,0.0
grade1_profile28512_q3_QK_20251122_101834.mp3,This is Zara. She loves to draw. This is Faiz. He loves to build things.,Semal,Rukhshan,This is Zara. She loves to draw. This is Faiz. He loves to buld things.,This is Zara. She loves to draw. This is Faiz. He loves to bwild things.,0.06666666666666667
grade1_profile28428_q3_LP_20251122_101304.mp3,This is Zara. She loves to draw. This is Faiz. He loves to build things.,Dania,Rehma,This is Zara. She loves to draw. This is Faiz. He loves to build things.,This is Zara. She loves to draw. This is face. He loves to build things.,0.06666666666666667
grade1_profile28429_q3_LP_20251122_101304.mp3,This is Zara. She loves to draw. This is Faiz. He loves to build things.,Semal,Amna,This is Zara. She loves to draw. This is mmm Faiz. He loves to bib build things.,This is Zara. She loves to draw. This is um Faiz. He loves to bi build things.,0.11764705882352941
grade1_profile30633_q3_QK_20251122_101834.mp3,This is Zara. She loves to draw. This is Faiz. He loves to build things.,Dania,Amna,This is Zara. She loves to draw. This is Faiz. He loves to build things.,This is Zara. She loves to drauw. This is um Faiz. He love to build things.,0.2
grade1_profile28444_q3_LP_20251122_101304.mp3,This is Zara. She loves to draw. This is Faiz. He loves to build things.,Rehma,Amna,This is Zara. She loves to draw. This is Face. He loves to blid things.,This is Zara. She loves to draw. This is Faiz. He loves to bilaid things.,0.13333333333333333
grade1_profile28465_q3_LP_20251122_101304.mp3,This is Zara. She loves to draw. This is Faiz. He loves to build things.,Rukhshan,Amna,This is Zara. She loves to draw. This is Fayez. He loves to built things.,This is Zara. She loves to draw. This is Faiez. He loves to build things.,0.13333333333333333
grade1_profile28376_q1_LP_20251122_095026.mp3,Come on. We can do it  together.,Rehma,Rukhshan,Come on. To kit together,Come aan. Do et togather,0.8
grade1_profile28376_q1_QK_20251122_095622.mp3,Come on. We can do it  together.,Semal,Rehma,Come on we can do it to gather,Come on. We can do it  together.,0.25
grade1_profile30630_q1_QK_20251122_095622.mp3,Come on. We can do it  together.,Semal,Rukhshan,Come on we can do it to gather,Come onnnn. We cannn do itt togather.,0.625
grade1_profile28468_q1_LP_20251122_095026.mp3,Come on. We can do it  together.,Semal,Amna,Come on we can't gather,Come on. We can gether.,0.4
grade1_profile28498_q1_QK_20251122_095622.mp3,Come on. We can do it  together.,Semal,Dania,Come on we can do it to get,Come on. We can do it toget.,0.25
grade1_profile28392_q1_LP_20251122_095026.mp3,Come on. We can do it  together.,Semal,Rehma,Come on you can do it,Come on. You can do it,0.0
grade1_profile30575_q1_QK_20251122_095622.mp3,Come on. We can do it  together.,Semal,Rukhshan,Come own we can do it to gather,"Come awn. We can do et togather,",0.5
grade1_profile28443_q1_LP_20251122_095026.mp3,Come on. We can do it  together.,Semal,Amna,Come on we can do it together,Come on. We can do it  together.,0.0
grade1_profile28465_q1_QK_20251122_095622.mp3,Come on. We can do it  together.,Semal,Dania,Come on we can do it together,Come on. We can do it together. ,0.0
grade1_profile31293_q1_QK_20251122_095622.mp3,Come on. We can do it  together.,Semal,Rehma,Come on we can do it together,Come on. We can do it  tooogether.,0.14285714285714285
grade1_profile30569_q1_QK_20251122_095622.mp3,Come on. We can do it  together.,Semal,Rukhshan,Come on we can do eat to gather,Come on. We can do eet together.,0.375
grade1_profile28465_q1_LP_20251122_095026.mp3,Come on. We can do it  together.,Semal,Amna,Come on we can do it to get,Come on. We can do it  together.,0.25
grade1_profile30485_q1_LP_20251122_095026.mp3,Come on. We can do it  together.,Semal,Dania,Come on we cant to eat do gather,Come on. We can do eet together.,0.625
grade1_profile28371_q2_QK_20251122_100724.mp3,It's locked. I can open it.,Semal,Rehma,Its loo kid eye can topen i eat,It'ss lookid. I can topen I T it,0.75
grade1_profile28390_q2_LP_20251122_100201.mp3,It's locked. I can open it.,Semal,Rukhshan,Its locked i can awpen it,It's locked. I can awpen it.,0.16666666666666666
grade1_profile28428_q2_QK_20251122_100724.mp3,It's locked. I can open it.,Semal,Amna,Its locked i can awpen it,It's locked. I can open it.,0.3333333333333333
grade1_profile30472_q2_LP_20251122_100201.mp3,It's locked. I can open it.,Semal,Dania,Its its looked i can pick it ,It's locked. I I can pet it.,0.5714285714285714
grade1_profile28369_q2_QK_20251122_100724.mp3,It's locked. I can open it.,Semal,Rehma,Its lock i can open it,It's lock. I can open it,0.16666666666666666
grade1_profile30586_q2_QK_20251122_100724.mp3,It's locked. I can open it.,Semal,Rukhshan,Its locked its locked i can open it i can open it,It's locked. I can open it.,0.5833333333333334
grade1_profile28382_q2_LP_20251122_100201.mp3,It's locked. I can open it.,Semal,Amna,Is flock i can openly,It's lock. I can open it.,0.8
grade1_profile30490_q2_QK_20251122_100724.mp3,It's locked. I can open it.,Semal,Dania,Its looked i can open it,It's loged. I can open it.,0.3333333333333333
grade1_profile28519_q2_LP_20251122_100201.mp3,It's locked. I can open it.,Semal,Rehma,Its lock duh we khan open it,It's looock D. I can open it,0.7142857142857143
grade1_profile28401_q2_LP_20251122_100201.mp3,It's locked. I can open it.,Semal,Rukhshan,Its lowked i can open it,It's loked. I can open it.,0.3333333333333333
grade1_profile30822_q2_QK_20251122_100724.mp3,It's locked. I can open it.,Semal,Amna,Its locked i can awpen it ,It's locked. I can open it.,0.3333333333333333
grade1_profile28385_q2_LP_20251122_100201.mp3,It's locked. I can open it.,Semal,Dania,Yes,Yes.,0.0
grade1_profile30626_q2_QK_20251122_100724.mp3,It's locked. I can open it.,Semal,Rehma,Its locked i can open eat,It's locked. I can open it.,0.3333333333333333
grade1_profile28352_q2_QK_20251122_100724.mp3,It's locked. I can open it.,Semal,Rukhshan,Its lot i can open it,It's locked. I can open it.,0.3333333333333333
grade1_profile28463_q2_QK_20251122_100724.mp3,It's locked. I can open it.,Semal,Amna,It look i can open it,It's look. I can open it.,0.16666666666666666
grade1_profile31192_q3_LP_20251122_101304.mp3,This is Zara. She loves to draw. This is Faiz. He loves to build things.,Semal,Dania,It is Zara he love to draw it is faiz he love to paint shings,Yes.,1.0
grade1_profile28398_q3_QK_20251122_101834.mp3,This is Zara. She loves to draw. This is Faiz. He loves to build things.,Semal,Rehma,This is Zara she loves to draw this is Faiz he loves to buld things,This is Zara. She loves to draw. This is Faiz. He loves to buld things.,0.0
grade1_profile28421_q3_LP_20251122_101304.mp3,This is Zara. She loves to draw. This is Faiz. He loves to build things.,Semal,Rukhshan,This is Zara she loves to draa this is Faiz he love to build thing,This is Zaraaaa. She loves to draaa. This is Faiiiz. He loves to build things.,0.3333333333333333
grade1_profile28431_q3_LP_20251122_101304.mp3,This is Zara. She loves to draw. This is Faiz. He loves to build things.,Semal,Amna,This is Zara she loves two begin them love to,This is Zara. She love to..,0.4
grade1_profile28395_q3_QK_20251122_101834.mp3,This is Zara. She loves to draw. This is Faiz. He loves to build things.,Semal,Dania,These is Zara see loves to draa this is wais ee loves to build it,This is Zara. She loves to draw. This is Faiz. He loves to bild things.,0.4666666666666667
grade1_profile28375_q3_LP_20251122_101304.mp3,This is Zara. She loves to draw. This is Faiz. He loves to build things.,Semal,Rehma,This is Zara he love to draa this is faiz he loves to build thin,This is Zara. He love to drrraw. This is Faiz. He love to build thing,0.2
grade1_profile31204_q3_LP_20251122_101304.mp3,This is Zara. She loves to draw. This is Faiz. He loves to build things.,Semal,Rukhshan,This ease Zara she loves to draw this is Faiz he loves to build build dings,This is Zara. She loves to draw. This is Faiz. He loves to bwild things.,0.25
grade1_profile28473_q3_QK_20251122_101834.mp3,This is Zara. She loves to draw. This is Faiz. He loves to build things.,Semal,Amna,is Zara she love draw this is faiz he love to build thing,This is Zara. She lov to draw. This is Faiz. He love to build thing,0.23076923076923078
grade1_profile30626_q3_LP_20251122_101304.mp3,This is Zara. She loves to draw. This is Faiz. He loves to build things.,Semal,Dania,This is Zara she loves to drow this is Faiz he loves to build things,This is Zara. She loves to draw. This is Faiz. He loves to build things.,0.06666666666666667
grade1_profile28516_q3_QK_20251122_101834.mp3,This is Zara. She loves to draw. This is Faiz. He loves to build things.,Semal,Rehma,This is Zara she love to draw this is faiz he love to bewld thing,This is Zara. She loves to drraw. This is Faiz. He loves to biuld thing,0.26666666666666666
grade1_profile28519_q1_LP_20251122_095026.mp3,Come on. We can do it  together.,Semal,Rukhshan,Come on. We can do it too gether.,Come on. We can do it togader.,0.25
grade1_profile28516_q2_LP_20251122_100201.mp3,It's locked. I can open it.,Semal,Amna,Its lock. I can open it,It's lock. I can open it.,0.16666666666666666
grade1_profile30665_q2_LP_20251122_100201.mp3,It's locked. I can open it.,Rehma,Semal,It's looks. I can open it,It looks look. I can open it I can open it. ,1.0
grade1_profile28498_q3_LP_20251122_101304.mp3,This is Zara. She loves to draw. This is Faiz. He loves to build things.,Semal,Dania,This is Fai this is a Zara. This is a Zara. She loves to draw. This is a Faiz. He loves to build things.,This is a Zara. She loves to draw. This is a Faiz. He loves to build things.,0.2916666666666667
grade1_profile30581_q3_QK_20251122_101834.mp3,This is Zara. She loves to draw. This is Faiz. He loves to build things.,Salman,Dania,This is Zara. She loves to draw. This is Faiz. He loves to build things. ,This is Zara. She loves to draw. This is Faiz. He loves to build things.,0.0
grade1_profile28471_q3_QK_20251122_101834.mp3,This is Zara. She loves to draw. This is Faiz. He loves to build things.,Semal,Rukhshan,This is Zara. She loves to draw. This is Faiz. He love to build things.,This is Zara. She love to draw. This is Fayez. He loves to build things.,0.2
grade1_profile28485_q3_LP_20251122_101304.mp3,This is Zara. She loves to draw. This is Faiz. He loves to build things.,Semal,Rehma,This is Zara. She loves to drawi- draw. This is Raza. She loves to buld things.,This is Zara. She lafs to draw. This is Raza. He lafs to buld things,0.25
grade1_profile30472_q1_LP_20251122_095026.mp3,Come on. We can do it  together.,Amna,Dania,welcome now. We can do it today,welcome on. We an can do it together. ,0.42857142857142855
grade1_profile28388_q1_QK_20251122_095622.mp3,Come on. We can do it  together.,Semal,Amna,Come on. We canned to eat two gether.,Come on. We can do it  together.,0.625
grade1_profile28431_q2_QK_20251122_100724.mp3,It's locked. I can open it.,Amna,Rehma,look. I can open it.,I can open it,0.2
grade1_profile30482_q2_QK_20251122_100724.mp3,It's locked. I can open it.,Semal,Rukhshan,It's look. I can open.,It's looked. I can open it.,0.4
grade1_profile28451_q3_LP_20251122_101304.mp3,This is Zara. She loves to draw. This is Faiz. He loves to build things.,Amna,Rehma,This is Zara. She loves to draw. This is Faiz. He love to build things.,This is Zara. She loves to draw. This is Faiz. He lovess to build things,0.06666666666666667
grade1_profile30485_q3_LP_20251122_101304.mp3,This is Zara. She loves to draw. This is Faiz. He loves to build things.,Amna,Rukhshan,This is Sara. She lave to la. This is Faiza. He love to bolid things.,This is Sara. She loves to dlaw. This is Faiza. He loves to buled things.,0.26666666666666666
grade1_profile28363_q3_LP_20251122_101304.mp3,This is Zara. She loves to draw. This is Faiz. He loves to build things.,Semal,Amna,These is Sara. She loves to draw. These is Faiz. She loves to draw. Be he.,This is Zara. She loves to draw. This is Faiz. She He loves to draw build thing.,0.375
grade1_profile28363_q1_LP_20251122_095026.mp3,Come on. We can do it  together.,Semal,Amna,Come on. We can to it together.,Come on. We can do it  together.,0.14285714285714285
grade1_profile28457_q1_QK_20251122_095622.mp3,Come on. We can do it  together.,Semal,Dania,Come on. We can do it together.,Come on. We can do it  together.,0.0
grade1_profile28512_q1_LP_20251122_095026.mp3,Come on. We can do it  together.,Rehma,Rukhshan,Come on. We can do it togethaaar,Come on. We can do it togaatherr.,0.14285714285714285
grade1_profile28417_q1_LP_20251122_095026.mp3,Come on. We can do it  together.,Semal,Dania,Com on. We cen do it together.,Come on. We can do et together.,0.42857142857142855
grade1_profile31293_q1_LP_20251122_095026.mp3,Come on. We can do it  together.,Semal,Rehma,Cup on. We can do it together.,on. We can do it together,0.14285714285714285
grade1_profile30586_q1_QK_20251122_095622.mp3,Come on. We can do it  together.,Semal,Rukhshan,On. Come on. We can do it together. We can. To eat. to eat. together. together  ,Come on. We can do it together.,0.5625
grade1_profile28375_q2_QK_20251122_100724.mp3,It's locked. I can open it.,Dania,Rehma,It is lock. I can open it. ,It is locked. I can open it,0.14285714285714285
grade1_profile30596_q2_QK_20251122_100724.mp3,It's locked. I can open it.,Amna,Dania,It's locked. I can open it.,It's locked. I can open it.,0.0
grade1_profile28446_q2_QK_20251122_100724.mp3,It's locked. I can open it.,Rehma,Rukhshan,sss locked. I can open it,It's locked. I can open it.,0.16666666666666666
grade1_profile28382_q2_QK_20251122_100724.mp3,It's locked. I can open it.,Amna,Rukhshan,It lock. I can open it.,It's a lock. I can open it.,0.3333333333333333
grade1_profile28438_q2_LP_20251122_100201.mp3,It's locked. I can open it.,Rehma,Amna,It's locked. I can open a,It's locked. I can open it.,0.16666666666666666
grade1_profile28345_q2_LP_20251122_100201.mp3,It's locked. I can open it.,Semal,Dania,Lock. Eye can open i-.,lock. I can open it.,0.4
grade1_profile30544_q3_LP_20251122_101304.mp3,This is Zara. She loves to draw. This is Faiz. He loves to build things.,Semal,Rehma,This is Zara. She love to to draw. This is Faiz. He love to build things.,This is Zaaaaraaa. She laaav to to draw. This is Faiz. He laav to build thinks,0.25
grade1_profile28403_q3_QK_20251122_101834.mp3,This is Zara. She loves to draw. This is Faiz. He loves to build things.,Dania,Rukhshan,This is Zara. She loves to draw. This is Faiz. She he loves to build things.,This is Zara. She loves to draw. This is Faiz. He loves to build things.,0.0625
grade1_profile30581_q3_LP_20251122_101304.mp3,This is Zara. She loves to draw. This is Faiz. He loves to build things.,Semal,Amna,These is Zara. She loves to draw. These is Faiz. He loves to build things.,This is Zara. She loves to draw. This is Faiz. He loves to build things.,0.13333333333333333
grade1_profile28421_q3_QK_20251122_101834.mp3,This is Zara. She loves to draw. This is Faiz. He loves to build things.,Dania,Rehma,This is Zara. She loves to draw. This is Faiz. He loves to build things.,This is Zaraaaa. She loves to draaaw. This is Faiz. He he loves to build thi,0.26666666666666666
grade1_profile28347_q3_QK_20251122_101834.mp3,This is Zara. She loves to draw. This is Faiz. He loves to build things.,Semal,Rukhshan,This is Zara. She loves to draw. This is Faiz. He loves to build things.,This is Zara. She loves to draw. This is Faiz. He loves to build things.,0.0
grade1_profile28469_q3_QK_20251122_101834.mp3,This is Zara. She loves to draw. This is Faiz. He loves to build things.,Amna,Dania,This is Zara. She love to draw. This is Faiz. He loves to build things.,This is Zara. She loves to draw. This is Faiz. He loves to build things.,0.06666666666666667
grade1_profile30496_q3_QK_20251122_101834.mp3,This is Zara. She loves to draw. This is Faiz. He loves to build things.,Rehma,Rukhshan,This is Zara. She loves to draw. This is Faiz. He loves to build things.,This is Zara. She loves to draw. This is Faiz. He loves to build things.,0.0
grade1_profile28382_q1_QK_20251122_095622.mp3,Come on. We can do it  together.,Amna,Rukhshan,Come on. We can do it  together.,Come oon. We can do eet togather.,0.42857142857142855
grade1_profile31192_q1_QK_20251122_095622.mp3,Come on. We can do it  together.,Rehma,Amna,Come on. We can do it together,Come on. We can do it  together.,0.0
grade1_profile28369_q1_LP_20251122_095026.mp3,Come on. We can do it  together.,Rehma,Dania,Come o,Come ooo,0.5
grade1_profile28469_q1_QK_20251122_095622.mp3,Come on. We can do it  together.,Rehma,Rukhshan,Come on. We can do it together,Come on. We can do it together.,0.0
grade1_profile28446_q1_LP_20251122_095026.mp3,Come on. We can do it  together.,Rehma,Amna,Come on. We can do it to gather,Come on. We can do it  together.,0.25
grade1_profile28463_q1_QK_20251122_095622.mp3,Come on. We can do it  together.,Rehma,Dania,Come on. We can do it together,Come oon. We can do it together. ,0.14285714285714285
grade1_profile28474_q1_LP_20251122_095026.mp3,Come on. We can do it  together.,Rehma,Rukhshan,Come on. We can do it together,Come on. We can do it togather.,0.14285714285714285
grade1_profile28364_q1_LP_20251122_095026.mp3,Come on. We can do it  together.,Rehma,Amna,Come on. We can do it together,Come on. We can do it  together.,0.0
grade1_profile28390_q1_LP_20251122_095026.mp3,Come on. We can do it  together.,Rehma,Dania,Come on. We can do it together,Come on. We can do it  together.,0.0
grade1_profile30665_q1_QK_20251122_095622.mp3,Come on. We can do it  together.,Rehma,Rukhshan,Come on. We can do it together,Come on. We can do it togather.,0.14285714285714285
grade1_profile28421_q1_QK_20251122_095622.mp3,Come on. We can do it  together.,Rehma,Amna,Come on. We can do it to gaather,Come on. We can do it  together.,0.25
grade1_profile31203_q2_LP_20251122_100201.mp3,It's locked. I can open it.,Rehma,Dania,It's locked. I can open it. ,It's locked. I can open it.,0.0
grade1_profile28425_q2_QK_20251122_100724.mp3,It's locked. I can open it.,Rehma,Semal,It'sh rocked. I can open it,It's locked. I can open it.,0.3333333333333333
grade1_profile28389_q2_LP_20251122_100201.mp3,It's locked. I can open it.,Rehma,Rukhshan,It's lock. I can open e,It's locked. I can open eet.,0.3333333333333333
grade1_profile30693_q2_QK_20251122_100724.mp3,It's locked. I can open it.,Rehma,Amna,-,-,
grade1_profile28446_q2_LP_20251122_100201.mp3,It's locked. I can open it.,Rehma,Dania,It's lock. I can open it. ,It's lock. I can open it. ,0.0
grade1_profile28470_q2_LP_20251122_100201.mp3,It's locked. I can open it.,Rehma,Semal,It's loooock. I can open it,Eats lock. I can open it.,0.3333333333333333
grade1_profile28421_q2_LP_20251122_100201.mp3,It's locked. I can open it.,Rehma,Rukhshan,It's loooocked. I can open.,It's loocked. Eye can awpen ee,0.8
grade1_profile28432_q2_QK_20251122_100724.mp3,It's locked. I can open it.,Rehma,Amna,It's locked. I can open it. ,It's lock. I can open it.,0.16666666666666666
grade1_profile30506_q2_LP_20251122_100201.mp3,It's locked. I can open it.,Rehma,Dania,It's lock. I can open it. ,It's lock. I can open it. ,0.0
grade1_profile28432_q2_LP_20251122_100201.mp3,It's locked. I can open it.,Rehma,Semal,It's locked. I can open it.,It's locked. I can open it.,0.0
grade1_profile28359_q2_QK_20251122_100724.mp3,It's locked. I can open it.,Rehma,Rukhshan,It's lokid. I caaan o opin it,It's lockid. I can ooopin open e,0.7142857142857143
grade1_profile28364_q2_LP_20251122_100201.mp3,It's locked. I can open it.,Rehma,Amna,It's locked. I an open it,It's lock. I an open it.,0.16666666666666666
grade1_profile28371_q3_LP_20251122_101304.mp3,This is Zara. She loves to draw. This is Faiz. He loves to build things.,Rehma,Dania,She is. This is Lar Zarka. She love to draf,She is. This is Zarka. She love too to love.,0.3
grade1_profile28451_q1_LP_20251122_095026.mp3,Come on. We can do it  together.,Ali,Rukhshan,Come on. We can do it together.,Come on. We can do it together.,0.0
grade1_profile28451_q2_LP_20251122_100201.mp3,It's locked. I can open it.,Salman,Rehma,It is lock. I can open it. ,It is lock. I can open it,0.0
grade1_profile30823_q2_LP_20251122_100201.mp3,It's locked. I can open it.,Ali,Dania,It's locked. I can open it. ,It's locked. I can open it.,0.0
grade1_profile28432_q3_LP_20251122_101304.mp3,This is Zara. She loves to draw. This is Faiz. He loves to build things.,Ali,Rehma,This is Zara. She loves to draw. This is Faiza Faiz. He loves to build things. ,This is Zara. She loves to draw. This is Faiza Faiz. He loves to build things,0.0
grade1_profile30472_q3_QK_20251122_101834.mp3,This is Zara. She loves to draw. This is Faiz. He loves to build things.,Ali,Rukhshan,This is Zara. She loves to draw. This is Faiz. He loves to build things. ,This is Zara. She loves to draw. This is Faiz. He loves to build things.,0.0
grade1_profile28392_q1_QK_20251122_095622.mp3,Come on. We can do it  together.,Ali,Amna,Come on. We can do it together.,Come on. We can do it  together.,0.0
grade1_profile28399_q1_QK_20251122_095622.mp3,Come on. We can do it  together.,Ali,Dania,Come on. We can do it together.,Come on. We can do it  together.,0.0
grade1_profile28417_q1_QK_20251122_095622.mp3,Come on. We can do it  together.,Ali,Semal,Come on. We can do it it the gather.,Come on. We can do it it the gether.,0.1111111111111111
grade1_profile28402_q1_QK_20251122_095622.mp3,Come on. We can do it  together.,Ali,Rehma,Come on. We can do it to,Come on. We can do it toga,0.14285714285714285
grade1_profile28457_q1_LP_20251122_095026.mp3,Come on. We can do it  together.,Ali,Rukhshan,Come on. We can do it together.,Come on. We can do it together.,0.0
grade1_profile31204_q1_QK_20251122_095622.mp3,Come on. We can do it  together.,Ali,Amna,Come on. We can do it together.,Come on. We can do it  together.,0.0
grade1_profile28509_q1_LP_20251122_095026.mp3,Come on. We can do it  together.,Ali,Dania,Come on. We can do it to gather.,Come on. We can do eet together. ,0.375
grade1_profile28473_q1_QK_20251122_095622.mp3,Come on. We can do it  together.,Ali,Semal,Come on on. We can do it together.,Come on on. We can do it two gether.,0.25
grade1_profile31207_q1_QK_20251122_095622.mp3,Come on. We can do it  together.,Ali,Rehma,Come on. We can do it to,Come aaaan. We can do it to,0.14285714285714285
grade1_profile28352_q1_LP_20251122_095026.mp3,Come on. We can do it  together.,Ali,Rukhshan,Come on. We can do it together.,Come on. We can do eet togather.,0.2857142857142857
grade1_profile28359_q1_QK_20251122_095622.mp3,Come on. We can do it  together.,Ali,Amna,Can on we can,camon. we can,0.5
grade1_profile30575_q1_LP_20251122_095026.mp3,Come on. We can do it  together.,Ali,Dania,We can do it together.,We can do it together.,0.0
grade1_profile30589_q1_LP_20251122_095026.mp3,Come on. We can do it  together.,Ali,Semal,Come on. We can do it together.,Come on. We can do eat together.,0.14285714285714285
grade1_profile30490_q2_LP_20251122_100201.mp3,It's locked. I can open it.,Ali,Rehma,It's looked. I can open it.,It's looked. I caann open it,0.16666666666666666
grade1_profile28387_q2_LP_20251122_100201.mp3,It's locked. I can open it.,Ali,Rukhshan,It's locked. I can open it. ,It'suh lockeduh. I can open it,0.3333333333333333
grade1_profile30633_q2_QK_20251122_100724.mp3,It's locked. I can open it.,Ali,Amna,It's lock. I can open it. ,It's lock. I can open it.,0.0
grade1_profile28485_q2_QK_20251122_100724.mp3,It's locked. I can open it.,Ali,Dania,It's lock. I can open it. ,It's lock. I can open it. ,0.0
grade1_profile31205_q2_LP_20251122_100201.mp3,It's locked. I can open it.,Ali,Semal,It's locked. I can open it. ,It's locked. I can open it.,0.0
grade1_profile30476_q2_LP_20251122_100201.mp3,It's locked. I can open it.,Ali,Rehma,It's locked. I can open it. ,It's locked. I can open it,0.0
grade1_profile31203_q2_QK_20251122_100724.mp3,It's locked. I can open it.,Ali,Rukhshan,It's locked. I can open it. ,It's laacked. I can open it.,0.16666666666666666
grade1_profile30481_q2_LP_20251122_100201.mp3,It's locked. I can open it.,Ali,Amna,It's locked. I can open it. ,It's locked. I can open it.,0.0
grade1_profile28402_q2_QK_20251122_100724.mp3,It's locked. I can open it.,Ali,Dania,It's lock. I can open. ,It's lock. I can open.,0.0
grade1_profile28493_q2_QK_20251122_100724.mp3,It's locked. I can open it.,Ali,Semal,It's locked. I can open it. ,It's locked. I can open it.,0.0
grade1_profile28387_q2_QK_20251122_100724.mp3,It's locked. I can open it.,Ali,Rehma,It's locked. I can open it. ,It's lock. I can open it,0.16666666666666666
grade1_profile30589_q2_LP_20251122_100201.mp3,It's locked. I can open it.,Ali,Rukhshan,It's locked. I can open it. ,It's locked. Eyeee cann open eet.,0.5
grade1_profile28391_q2_LP_20251122_100201.mp3,It's locked. I can open it.,Ali,Amna,It's locked. I can open it. ,It's locked. I can open it.,0.0
grade1_profile28456_q2_QK_20251122_100724.mp3,It's locked. I can open it.,Ali,Dania,It's locked. I can open it. ,It's loged. I can open it.,0.16666666666666666
grade1_profile28421_q2_QK_20251122_100724.mp3,It's locked. I can open it.,Ali,Semal,It's locked. I can open it. ,It's locked. I can open it.,0.0
grade1_profile28429_q2_LP_20251122_100201.mp3,It's locked. I can open it.,Ali,Rehma,It's locked. I can open it. ,It's locked. I can open it,0.0
grade1_profile28350_q2_QK_20251122_100724.mp3,It's locked. I can open it.,Ali,Rukhshan,It's locked. I can open it. ,It's lock. I can openeet,0.5
grade1_profile30476_q3_QK_20251122_101834.mp3,This is Zara. She loves to draw. This is Faiz. He loves to build things.,Ali,Amna,This is Zara. She loves to draw. This is Faiz. He loves to builds things.,This is Zara. She loves to draw. This is Faiz. He loves to builds things.,0.0
grade1_profile28364_q3_QK_20251122_101834.mp3,This is Zara. She loves to draw. This is Faiz. He loves to build things.,Ali,Dania,This is Zara. She loves to draw. This is Faiz. He loves to build things. ,This is Zara. She loves to draw. This is Faiz. He loves to build things.,0.0
grade1_profile28448_q3_QK_20251122_101834.mp3,This is Zara. She loves to draw. This is Faiz. He loves to build things.,Ali,Semal,This is Zara. He love to draw. This is Faiz. He love to build things. ,This is Zara. She love to draw. This is Faiz. He love to build things.,0.06666666666666667
grade1_profile28471_q3_LP_20251122_101304.mp3,This is Zara. She loves to draw. This is Faiz. He loves to build things.,Ali,Rehma,This is Zara. She loves to draw. This is Faiz. He loves to build thing. ,This is Zara. She loves to draw. This is Faiz. He love to built think,0.2
grade1_profile28493_q3_QK_20251122_101834.mp3,This is Zara. She loves to draw. This is Faiz. He loves to build things.,Ali,Rukhshan,This is Zara. She love to draw. This is Faiz. He love to build things. ,This is Zara. She laave to draw. Ths is Faiz. He laave to build things.,0.2
grade1_profile28448_q3_LP_20251122_101304.mp3,This is Zara. She loves to draw. This is Faiz. He loves to build things.,Ali,Amna,This is Zara. He loves to draw draw. This is Faiz. He loves to build things. ,This is Zara. She loves to draws draw. This is Faiz. He love to build things.,0.1875
grade1_profile28446_q3_LP_20251122_101304.mp3,This is Zara. She loves to draw. This is Faiz. He loves to build things.,Ali,Dania,This is Zara. She loves to draw. This is Faiz. He loves to build things. ,This is Zara. She loves to draw. This is Faiz. He loffs to build things.,0.06666666666666667
grade1_profile28352_q3_QK_20251122_101834.mp3,This is Zara. She loves to draw. This is Faiz. He loves to build things.,Ali,Semal,This is Zara. She loves to draw. This is Faiz. He loves to build this. ,This is Zara. She loves to draw. This is Faiz. He loves to build this.,0.0
grade1_profile31361_q3_QK_20251122_101834.mp3,This is Zara. She loves to draw. This is Faiz. He loves to build things.,Ali,Rehma,This is Zara. She loves to draw. This is Faiz. He loves to build things. ,This is Zara. She loves to draw. This is Faiz. He loves to build things.,0.0
grade1_profile28470_q3_LP_20251122_101304.mp3,This is Zara. She loves to draw. This is Faiz. He loves to build things.,Ali,Rukhshan,This is Zara. She love to draw. This is Faiz. He loves to some build thing. ,This is Zaraa. She love to draw. Ths is Faiz. He love to some build thing,0.1875
grade1_profile28345_q3_LP_20251122_101304.mp3,This is Zara. She loves to draw. This is Faiz. He loves to build things.,Ali,Amna,This is Zara. She loves to draw. This is Faiz. He loves to build things. ,This is Zara. She loves to draw. This is Faiz. He loves to build things.,0.0
grade1_profile30596_q3_LP_20251122_101304.mp3,This is Zara. She loves to draw. This is Faiz. He loves to build things.,Ali,Dania,This is Zara. She loves to draw. This is Faiz. He loves to build things. ,This is Zara. She lls to draw. This is Faiz. He loves to duild build dings things.,0.2
grade1_profile28468_q1_QK_20251122_095622.mp3,Come on. We can do it  together.,Salman,Rukhshan,Come on. we can do it together.,Come on. We can do it together.,0.0
grade1_profile28441_q1_LP_20251122_095026.mp3,Come on. We can do it  together.,Salman,Amna,Come on. we can two each together.,AH Come on. We can do it  together.,0.42857142857142855
grade1_profile28429_q1_LP_20251122_095026.mp3,Come on. We can do it  together.,Salman,Semal,Come on. we can do it together.,Come on. We can do it uh too gether.,0.42857142857142855
grade1_profile28403_q1_QK_20251122_095622.mp3,Come on. We can do it  together.,Salman,Dania,come on. we can do it together.,Come on. We can do it togethe.,0.14285714285714285
grade1_profile28425_q1_QK_20251122_095622.mp3,Come on. We can do it  together.,Salman,Rehma,come on. we can do it together.,Comeon. We can do it together,0.2857142857142857
grade1_profile30569_q1_LP_20251122_095026.mp3,Come on. We can do it  together.,Salman,Rukhshan,come on. we can do it together.,Onnn. We can do it together.,0.2857142857142857
grade1_profile28516_q1_LP_20251122_095026.mp3,Come on. We can do it  together.,Salman,Amna,come on. we can do it together.,Come on. We can do it  together.,0.0
grade1_profile31205_q1_QK_20251122_095622.mp3,Come on. We can do it  together.,Salman,Semal,come on. we can do it together.,Com on. We can do eat together.,0.2857142857142857
grade1_profile28381_q1_LP_20251122_095026.mp3,Come on. We can do it  together.,Salman,Dania,come on come on. we can do it gether.,Come on. We can do it gether together. ,0.3333333333333333
grade1_profile28421_q1_LP_20251122_095026.mp3,Come on. We can do it  together.,Salman,Rehma,come on. we can do it together.,Come on. wee cann doo it too gather,0.7142857142857143
grade1_profile28431_q1_QK_20251122_095622.mp3,Come on. We can do it  together.,Salman,Rukhshan,come on. we can do it together.,Come ooonn. Come on. Wee caannn dooo ittt twogether,1.0
grade1_profile28448_q2_QK_20251122_100724.mp3,It's locked. I can open it.,Salman,Amna,It's locked. I can open it. ,It's locked. I can open it.,0.0
grade1_profile30575_q2_QK_20251122_100724.mp3,It's locked. I can open it.,Salman,Semal,It's lock. I can open it. ,It's lock. I can open eat.,0.16666666666666666
grade1_profile28498_q2_LP_20251122_100201.mp3,It's locked. I can open it.,Salman,Dania,It's looked. I can,It's looked. I can ,0.0
grade1_profile31207_q2_LP_20251122_100201.mp3,It's locked. I can open it.,Salman,Rehma,It's locked. I can open it. ,It's laacked. I can open it,0.16666666666666666
grade1_profile28514_q2_QK_20251122_100724.mp3,It's locked. I can open it.,Salman,Rukhshan,It's locked. I can open it. ,It's locked. I can awpen it.,0.16666666666666666
grade1_profile28381_q2_LP_20251122_100201.mp3,It's locked. I can open it.,Salman,Amna,It's locked. I can open it. ,It's locked. I can open it.,0.0
grade1_profile28448_q2_LP_20251122_100201.mp3,It's locked. I can open it.,Salman,Semal,It's lock. I can open it. ,It's lock. I can open it.,0.0
grade1_profile30941_q2_LP_20251122_100201.mp3,It's locked. I can open it.,Salman,Dania,It's lock. I open it. ,It's locked. I open it. ,0.2
grade1_profile31284_q2_LP_20251122_100201.mp3,It's locked. I can open it.,Salman,Rehma,It's locked. I can open it. ,Isss locked. I can open it,0.16666666666666666
grade1_profile30630_q2_QK_20251122_100724.mp3,It's locked. I can open it.,Salman,Rukhshan,It's locked. I can open it. ,It's lock. Eye can awpen it.,0.5
grade1_profile31206_q2_LP_20251122_100201.mp3,It's locked. I can open it.,Salman,Amna,It's locked. I can open it. ,It's locked. I can open it.,0.0
grade1_profile28363_q2_QK_20251122_100724.mp3,It's locked. I can open it.,Salman,Semal,It is locked. I can open it. ,This is slow. I can open it.,0.2857142857142857
grade1_profile28376_q3_LP_20251122_101304.mp3,This is Zara. She loves to draw. This is Faiz. He loves to build things.,Salman,Dania,This is Zara. She loves to draw. She this is a Faiz.  She he loves a draw to build things. ,This is Zara. She loves a draw. This is a Faiz. She he loves draw. She loves a draw. She loves to draw build things.,0.4
grade1_profile30626_q3_QK_20251122_101834.mp3,This is Zara. She loves to draw. This is Faiz. He loves to build things.,Salman,Rehma,This is Zara. She loves to draw. This is Faiz. He love to build things. ,"This is Zara. She loves to draaw. This is Faiiz, He loves to building things",0.26666666666666666
grade1_profile28402_q3_QK_20251122_101834.mp3,This is Zara. She loves to draw. This is Faiz. He loves to build things.,Salman,Rukhshan,This is Zara. She loves to draw. This is Faizan. He love to building things. ,This is Zara. She love to draw. This is Faiza. He loves to build things.,0.26666666666666666
grade1_profile28475_q3_QK_20251122_101834.mp3,This is Zara. She loves to draw. This is Faiz. He loves to build things.,Salman,Amna,This is Zara. She love to draw. This is Faiz. He love to build things. ,This is Zara. She love to draw. This is Faiz. He love to build things.,0.0
grade1_profile31206_q3_QK_20251122_101834.mp3,This is Zara. She loves to draw. This is Faiz. He loves to build things.,Salman,Semal,This is Zara. She loves to draw. This is Faiz. He loves to bulid things. ,This is Zara. She loves to draw. This is Faiz. She loves to build things.,0.13333333333333333
grade1_profile31203_q3_QK_20251122_101834.mp3,This is Zara. She loves to draw. This is Faiz. He loves to build things.,Salman,Dania,This is Zara. She loves to draw. This is Faiz. He loves to building build things. ,This is Zara. She loves to draw. This is Faiz. Sh sh he loves to building build things.,0.125
grade1_profile30665_q3_LP_20251122_101304.mp3,This is Zara. She loves to draw. This is Faiz. He loves to build things.,Salman,Rehma,This is Zara. She loves to draw. This is Faiz. He loves to build thing.,This is Zara. She lats to raw. This is Faiza. He likes buil thin,0.4666666666666667
grade1_profile28432_q3_QK_20251122_101834.mp3,This is Zara. She loves to draw. This is Faiz. He loves to build things.,Salman,Rukhshan,This is Zara. She loves to draw. This is Faiz. He loves to build things. ,This is Zara. She loves to draw. This is Faiz. He loves to build things.,0.0
grade1_profile30941_q3_QK_20251122_101834.mp3,This is Zara. She loves to draw. This is Faiz. He loves to build things.,Salman,Amna,This is Zara. She love to a. This is . He love to bill thin. ,This is Zara. She la va es a this is fa a az. he love to ba a - build ,0.6428571428571429
grade1_profile28475_q3_LP_20251122_101304.mp3,This is Zara. She loves to draw. This is Faiz. He loves to build things.,Salman,Semal,This his is Zara. She loves to . This is Faiz. He loves to build things. ,He's is Zara. She love to dawr draw. This is Faiz. He love to built things.,0.4666666666666667
grade1_profile28388_q3_QK_20251122_101834.mp3,This is Zara. She loves to draw. This is Faiz. He loves to build things.,Salman,Dania,This is Zara. She loves to draw. This is Faiz. He loves to build things. ,This is Zara. She love to draw. This is Faiz. He love to build things.,0.13333333333333333
grade1_profile28344_q3_LP_20251122_101304.mp3,This is Zara. She loves to draw. This is Faiz. He loves to build things.,Salman,Rehma,This is Zara. She loves to draw. This is Faiz. He loves to build things. ,This is Zaraa. She loves to draw. This is Faizz. He loves to build things,0.13333333333333333
grade1_profile31206_q3_LP_20251122_101304.mp3,This is Zara. She loves to draw. This is Faiz. He loves to build things.,Salman,Rukhshan,This is Zara. She loves to draw. This is Faiz. He loves to build things. ,This is Zara. She laveuh to draa. This is Faiz. He laveuh to builduh things.,0.26666666666666666
grade1_profile30589_q3_QK_20251122_101834.mp3,This is Zara. She loves to draw. This is Faiz. He loves to build things.,Salman,Amna,This is Zara. She loves to draw. This is Faiz. He loves to build things. ,This is Zara. She loves to draw. This is Faiz. He loves to build things.,0.0
grade1_profile30840_q3_QK_20251122_101834.mp3,This is Zara. She loves to draw. This is Faiz. He loves to build things.,Salman,Semal,This is Zara. She love to draw. This is Faiz. He love to build things. ,This is Zara. She love to draw. This is Faiz. She love to build things build things.,0.2
grade1_profile28425_q3_LP_20251122_101304.mp3,This is Zara. She loves to draw. This is Faiz. He loves to build things.,Salman,Dania,This is Zara. She loves to draw. This is Faiz. He loves to build things. ,This is Zara. She loves to draw. This is Faiz. He loves to build things.,0.0
grade1_profile28509_q3_QK_20251122_101834.mp3,This is Zara. She loves to draw. This is Faiz. He loves to build things.,Salman,Rehma,This is Zara. She loves to draw. This is Faiz. He loves to building things. ,Thi is Zarrrraaa. She love to raw. Thi is Faizz. She love to builin things,0.6
grade1_profile28391_q2_QK_20251122_100724.mp3,It's locked. I can open it.,Semal,Salman,I can open it mumma,I can open it,0.2
grade1_profile28350_q2_LP_20251122_100201.mp3,It's locked. I can open it.,Semal,Salman,Is locked. I can open it.,is locked. I can open it. ,0.0
grade1_profile28417_q2_QK_20251122_100724.mp3,It's locked. I can open it.,Ali,Amna,This locked. I can open it. ,This locked. I can open it.,0.0
grade1_profile28516_q1_QK_20251122_095622.mp3,Come on. We can do it  together.,Rehma,Salman,Come on. We can do it together,come on. we can do it together.,0.0
grade1_profile28509_q1_QK_20251122_095622.mp3,Come on. We can do it  together.,Rehma,Salman,Come onnnn. We can do it too gather,Come on. we can do it together.,0.375
grade1_profile28457_q2_LP_20251122_100201.mp3,It's locked. I can open it.,Ali,Salman,It's lock. I can open it. ,It's locked. I can open it. ,0.16666666666666666
grade1_profile28465_q3_QK_20251122_101834.mp3,This is Zara. She loves to draw. This is Faiz. He loves to build things.,Ali,Salman,This is Zara. She loves to draw. It is Faiz. This is Faiz. He love to build things. ,This is Zara. She loves to draw. This is Faiz. He loves to build things. ,0.2222222222222222
