audio_file_name,Submitted Audio Link,Question,Tab,Human Transcription
grade1_profile28369_q3_QK_20251122_101834.mp3,https://drive.google.com/file/d/19qQ6X61voZKrC2A-jCwn_CoAR9039FEQ/view?usp=drivesdk,This is Zara. She loves to draw. This is Faiz. He loves to build things.,Q3,
grade1_profile28371_q1_QK_20251122_095622.mp3,https://drive.google.com/file/d/10Ziu79rIndUZUKcJabkilKGh3I0qBMq1/view?usp=drivesdk,Come on. We can do it  together.,Q1,
grade1_profile28474_q1_QK_20251122_095622.mp3,https://drive.google.com/file/d/1ytxqSw8TTBUWzveh1-kMxauOCf_QlN-D/view?usp=drivesdk,Come on. We can do it  together.,Q1,
grade1_profile28352_q1_QK_20251122_095622.mp3,https://drive.google.com/file/d/1cxKIMrQ4pQxF8gwpg7lj97_3rkL_zwT2/view?usp=drivesdk,Come on. We can do it  together.,Q1,
grade1_profile28498_q1_LP_20251122_095026.mp3,https://drive.google.com/file/d/14MB6Jm5D4s9s2SapvNNVEWaYlZh_vZd2/view?usp=drivesdk,Come on. We can do it  together.,Q1,
grade1_profile28456_q1_QK_20251122_095622.mp3,https://drive.google.com/file/d/1JBoB9kEY3uORya_2Xd_C36AoZRwf_i50/view?usp=drivesdk,Come on. We can do it  together.,Q1,
grade1_profile30695_q1_QK_20251122_095622.mp3,https://drive.google.com/file/d/1U4E6z-SOyVhppeEXNwEP6jjY5rOVwm47/view?usp=drivesdk,Come on. We can do it  together.,Q1,
grade1_profile30665_q2_QK_20251122_100724.mp3,https://drive.google.com/file/d/1WOXjuPGmY2gGKaqTbAvZZeiPOticbO4i/view?usp=drivesdk,It's locked. I can open it.,Q2,
grade1_profile28475_q2_LP_20251122_100201.mp3,https://drive.google.com/file/d/1j8l64DGHByqsFGOpyxOatkCfkXatoE7V/view?usp=drivesdk,It's locked. I can open it.,Q2,
grade1_profile31207_q2_QK_20251122_100724.mp3,https://drive.google.com/file/d/1Z3JP5NTSTNPvGJS0H6odEQRXehJ84JO6/view?usp=drivesdk,It's locked. I can open it.,Q2,
grade1_profile30544_q2_QK_20251122_100724.mp3,https://drive.google.com/file/d/1QXvUMBe3pzXtFK3Yiq5lYiG8YF4pFmae/view?usp=drivesdk,It's locked. I can open it.,Q2,
grade1_profile31284_q3_QK_20251122_101834.mp3,https://drive.google.com/file/d/1g5dwUSrYe4QF3oyPKgEzshCz9EEAwN3v/view?usp=drivesdk,This is Zara. She loves to draw. This is Faiz. He loves to build things.,Q3,
grade1_profile28441_q3_LP_20251122_101304.mp3,https://drive.google.com/file/d/1wOTXLmAnXxyUcAZCFec3ZAtlqLx0ZPya/view?usp=drivesdk,This is Zara. She loves to draw. This is Faiz. He loves to build things.,Q3,
grade1_profile30630_q3_LP_20251122_101304.mp3,https://drive.google.com/file/d/1gmsmAynBTFkRCcaWeoC2XYVT826dqj_t/view?usp=drivesdk,This is Zara. She loves to draw. This is Faiz. He loves to build things.,Q3,
grade1_profile28376_q3_QK_20251122_101834.mp3,https://drive.google.com/file/d/1LomnW9fD89-Ni3J8pexl-yYMQde9CsMR/view?usp=drivesdk,This is Zara. She loves to draw. This is Faiz. He loves to build things.,Q3,
grade1_profile28512_q3_LP_20251122_101304.mp3,https://drive.google.com/file/d/1THrjHgHbxnONvVdW9VZIWtt5ozVHA-o-/view?usp=drivesdk,This is Zara. She loves to draw. This is Faiz. He loves to build things.,Q3,
grade1_profile28345_q1_LP_20251122_095026.mp3,https://drive.google.com/file/d/1ql8bf5WxkBwyVVe4G0PglxRfjroazSV0/view?usp=drivesdk,Come on. We can do it  together.,Q1,
grade1_profile30476_q1_QK_20251122_095622.mp3,https://drive.google.com/file/d/1R5H7PeyXRbUE2ZZlGuf9Vjh0oxgDyIF1/view?usp=drivesdk,Come on. We can do it  together.,Q1,
grade1_profile28362_q1_LP_20251122_095026.mp3,https://drive.google.com/file/d/1RgdJ5yHQc8JM5gWYv1G7Ofn2ZGIlD_L8/view?usp=drivesdk,Come on. We can do it  together.,Q1,
grade1_profile30684_q1_QK_20251122_095622.mp3,https://drive.google.com/file/d/141BiF63cIARV3dXXY-V9dY4HzcOVAs7Y/view?usp=drivesdk,Come on. We can do it  together.,Q1,
grade1_profile28345_q1_QK_20251122_095622.mp3,https://drive.google.com/file/d/1Kbz2KuGtzNfAnZCkf_u8azDYaFC-F2IO/view?usp=drivesdk,Come on. We can do it  together.,Q1,
grade1_profile28475_q1_LP_20251122_095026.mp3,https://drive.google.com/file/d/1PKVbPTuQOSEI9cnGy9kSuaLo3aEKsZ47/view?usp=drivesdk,Come on. We can do it  together.,Q1,
grade1_profile28402_q2_LP_20251122_100201.mp3,https://drive.google.com/file/d/1MxyIf3OMemE8oUSwu4czkBvCuWDh1OF4/view?usp=drivesdk,It's locked. I can open it.,Q2,
grade1_profile28493_q2_LP_20251122_100201.mp3,https://drive.google.com/file/d/11dvZIjLH8TO1IirrSUVsKpEOqg_ukUJk/view?usp=drivesdk,It's locked. I can open it.,Q2,
grade1_profile31184_q2_LP_20251122_100201.mp3,https://drive.google.com/file/d/1MC6XxT6nANngFFv3Rie5g3T-Pvj1aT1T/view?usp=drivesdk,It's locked. I can open it.,Q2,
grade1_profile31204_q2_QK_20251122_100724.mp3,https://drive.google.com/file/d/1LqH-50gXpkwUGsyB7MBq2cshdeBMK15D/view?usp=drivesdk,It's locked. I can open it.,Q2,
grade1_profile31293_q2_QK_20251122_100724.mp3,https://drive.google.com/file/d/1eIDsGDT--GLq2uZ8ff6KDNgNs8S_Aygt/view?usp=drivesdk,It's locked. I can open it.,Q2,
grade1_profile31205_q3_LP_20251122_101304.mp3,https://drive.google.com/file/d/1vX3x9aqyWJSE7XaIZL3sH9Wir1lnsvuf/view?usp=drivesdk,This is Zara. She loves to draw. This is Faiz. He loves to build things.,Q3,
grade1_profile31205_q3_QK_20251122_101834.mp3,https://drive.google.com/file/d/10mhhrKYwgVRh_-suso0V7yDQWPaUzmCa/view?usp=drivesdk,This is Zara. She loves to draw. This is Faiz. He loves to build things.,Q3,
grade1_profile28392_q3_QK_20251122_101834.mp3,https://drive.google.com/file/d/1Q96qmLsvD_7UJZLy2pdzSCBETmUqJJb6/view?usp=drivesdk,This is Zara. She loves to draw. This is Faiz. He loves to build things.,Q3,
grade1_profile31207_q3_LP_20251122_101304.mp3,https://drive.google.com/file/d/1feMPPz87lE5E6YGPYZ6jafitjV7zM6w8/view?usp=drivesdk,This is Zara. She loves to draw. This is Faiz. He loves to build things.,Q3,
grade1_profile28443_q3_LP_20251122_101304.mp3,https://drive.google.com/file/d/1kPlBN62rggYS8Qxb77z0-WlG0lESMdGQ/view?usp=drivesdk,This is Zara. She loves to draw. This is Faiz. He loves to build things.,Q3,
grade1_profile28355_q3_LP_20251122_101304.mp3,https://drive.google.com/file/d/1SighepDsuk_yI-cjOmu0IZZF4i-GPP92/view?usp=drivesdk,This is Zara. She loves to draw. This is Faiz. He loves to build things.,Q3,
grade1_profile30482_q3_LP_20251122_101304.mp3,https://drive.google.com/file/d/1c40bIILzFN1TX0CMM-9V8txZCnZq94oY/view?usp=drivesdk,This is Zara. She loves to draw. This is Faiz. He loves to build things.,Q3,
grade1_profile28352_q3_LP_20251122_101304.mp3,https://drive.google.com/file/d/1KcbG6e4-WBWk-cR23MGbFRnu49Rfji5x/view?usp=drivesdk,This is Zara. She loves to draw. This is Faiz. He loves to build things.,Q3,
grade1_profile30467_q1_QK_20251122_095622.mp3,https://drive.google.com/file/d/13-7eism6vYKIDTI11EnGNEChnweOBeQ2/view?usp=drivesdk,Come on. We can do it  together.,Q1,
grade1_profile28485_q1_QK_20251122_095622.mp3,https://drive.google.com/file/d/18n_LXElVA5YVi8rekZxO40yQJ7GoKh7t/view?usp=drivesdk,Come on. We can do it  together.,Q1,
grade1_profile28463_q1_LP_20251122_095026.mp3,https://drive.google.com/file/d/1_2CM6rNLDGoNrgpfCknORkxTakPsSDm_/view?usp=drivesdk,Come on. We can do it  together.,Q1,
grade1_profile30596_q1_LP_20251122_095026.mp3,https://drive.google.com/file/d/17TyxBTED_ENMH7S8Rmv51dJHNYH-vtVS/view?usp=drivesdk,Come on. We can do it  together.,Q1,
grade1_profile28510_q2_QK_20251122_100724.mp3,https://drive.google.com/file/d/1iWqVY7zIix1pi_h5T3ysTg1dAIsHsXJw/view?usp=drivesdk,It's locked. I can open it.,Q2,
grade1_profile30626_q2_LP_20251122_100201.mp3,https://drive.google.com/file/d/1qApDU3uZpnyRo2DgNThjoz3FWybvahei/view?usp=drivesdk,It's locked. I can open it.,Q2,
grade1_profile30581_q2_QK_20251122_100724.mp3,https://drive.google.com/file/d/1r34znLOXaaeRVAbi8ucwYtzlrayX8FpV/view?usp=drivesdk,It's locked. I can open it.,Q2,
grade1_profile28431_q2_LP_20251122_100201.mp3,https://drive.google.com/file/d/1x2-GpPuJkWLJawMAGaP16DCfL4dZeym5/view?usp=drivesdk,It's locked. I can open it.,Q2,
grade1_profile28371_q2_LP_20251122_100201.mp3,https://drive.google.com/file/d/1p7_5z52DnDlQyCt553Cms3y0Y2BUQEtD/view?usp=drivesdk,It's locked. I can open it.,Q2,
grade1_profile30693_q2_LP_20251122_100201.mp3,https://drive.google.com/file/d/12b-1yBkyhUK7KSRY-tQ0tMCORr3lYktA/view?usp=drivesdk,It's locked. I can open it.,Q2,
grade1_profile30485_q2_QK_20251122_100724.mp3,https://drive.google.com/file/d/1LzkP0L3suyY8q3M6C_0ljC69YLEBLJ8R/view?usp=drivesdk,It's locked. I can open it.,Q2,
grade1_profile31293_q3_LP_20251122_101304.mp3,https://drive.google.com/file/d/1FeoxXU6dr038ObC68bpvQpNW37Xj9TuH/view?usp=drivesdk,This is Zara. She loves to draw. This is Faiz. He loves to build things.,Q3,
grade1_profile28470_q3_QK_20251122_101834.mp3,https://drive.google.com/file/d/1n2RuLOBvPbHVgPpvKCvmcfYlHMvwowoB/view?usp=drivesdk,This is Zara. She loves to draw. This is Faiz. He loves to build things.,Q3,
grade1_profile28347_q3_LP_20251122_101304.mp3,https://drive.google.com/file/d/1e76AgKhlycwXq1EISFP4a8n448VCJXA6/view?usp=drivesdk,This is Zara. She loves to draw. This is Faiz. He loves to build things.,Q3,
grade1_profile28389_q3_QK_20251122_101834.mp3,https://drive.google.com/file/d/1Ra3bY-Zozo1YevS6Xwyo0mxdbag42nuC/view?usp=drivesdk,This is Zara. She loves to draw. This is Faiz. He loves to build things.,Q3,
grade1_profile28369_q3_LP_20251122_101304.mp3,https://drive.google.com/file/d/1_CpxVvppu_1YMx76ZOgfbpSdHHbFBZp3/view?usp=drivesdk,This is Zara. She loves to draw. This is Faiz. He loves to build things.,Q3,
grade1_profile28456_q3_LP_20251122_101304.mp3,https://drive.google.com/file/d/1b3eecfMUEJAv7WPDRaIQR1-zeCrbQS95/view?usp=drivesdk,This is Zara. She loves to draw. This is Faiz. He loves to build things.,Q3,
grade1_profile28485_q1_LP_20251122_095026.mp3,https://drive.google.com/file/d/1xfdmpLI9X70xhAQsbsodzbzlsuhV173x/view?usp=drivesdk,Come on. We can do it  together.,Q1,
grade1_profile28387_q1_QK_20251122_095622.mp3,https://drive.google.com/file/d/1GPVCjln4vAkn83WffmEnjyDZq3j2XB4N/view?usp=drivesdk,Come on. We can do it  together.,Q1,
grade1_profile30840_q1_LP_20251122_095026.mp3,https://drive.google.com/file/d/1bj-SVJc9KhohuUzuR7JtA2IhhRzBtGrL/view?usp=drivesdk,Come on. We can do it  together.,Q1,
grade1_profile30490_q1_LP_20251122_095026.mp3,https://drive.google.com/file/d/1Wr297_tmDn5yXNuN5lPTSzi0e9mawrtT/view?usp=drivesdk,Come on. We can do it  together.,Q1,
grade1_profile28448_q1_LP_20251122_095026.mp3,https://drive.google.com/file/d/1orQ1V02o6jYP_Wm2zF5fhdc0mWOOcXk1/view?usp=drivesdk,Come on. We can do it  together.,Q1,
grade1_profile31361_q2_LP_20251122_100201.mp3,https://drive.google.com/file/d/11LIvD0ajRvwmPu0UEu-xejMifVzZfOT-/view?usp=drivesdk,It's locked. I can open it.,Q2,
grade1_profile28514_q2_LP_20251122_100201.mp3,https://drive.google.com/file/d/1YcjxXLWQW5_qGHYsF8tWvMDZD3XamO_v/view?usp=drivesdk,It's locked. I can open it.,Q2,
grade1_profile28388_q2_LP_20251122_100201.mp3,https://drive.google.com/file/d/1V3AxNM5kg5fUleump5vQyxN8SyZ0XBCa/view?usp=drivesdk,It's locked. I can open it.,Q2,
grade1_profile28389_q2_QK_20251122_100724.mp3,https://drive.google.com/file/d/1Gj-HUaDscaCrN14bfxwRWqhsocZ7ZPLM/view?usp=drivesdk,It's locked. I can open it.,Q2,
grade1_profile28512_q2_QK_20251122_100724.mp3,https://drive.google.com/file/d/1U1rHNNCZNiNWlpJ-BxAw9z2rjI9EYV0x/view?usp=drivesdk,It's locked. I can open it.,Q2,
grade1_profile30472_q2_QK_20251122_100724.mp3,https://drive.google.com/file/d/1nVQ7ybFo3zdQOzeKU5DHOQlJgudme8EK/view?usp=drivesdk,It's locked. I can open it.,Q2,
grade1_profile28474_q3_LP_20251122_101304.mp3,https://drive.google.com/file/d/1XUsmeDUC-3rjNfdKGVxhSeo12G99PNBh/view?usp=drivesdk,This is Zara. She loves to draw. This is Faiz. He loves to build things.,Q3,
grade1_profile28417_q3_QK_20251122_101834.mp3,https://drive.google.com/file/d/18sDP0wJ4tWwdV-ZdNF13YZz-k0RJwVGO/view?usp=drivesdk,This is Zara. She loves to draw. This is Faiz. He loves to build things.,Q3,
grade1_profile28519_q3_LP_20251122_101304.mp3,https://drive.google.com/file/d/1qgE24zF4KYlkUExvYFpEIGeSTrBiIhg9/view?usp=drivesdk,This is Zara. She loves to draw. This is Faiz. He loves to build things.,Q3,
grade1_profile30693_q3_QK_20251122_101834.mp3,https://drive.google.com/file/d/1a6jasmeX_GvnnRrpONCaibQN1XltU-cy/view?usp=drivesdk,This is Zara. She loves to draw. This is Faiz. He loves to build things.,Q3,
grade1_profile28350_q3_LP_20251122_101304.mp3,https://drive.google.com/file/d/1MwgkUwdUZLcKOw76D-Nw5UdBiDcHeXge/view?usp=drivesdk,This is Zara. She loves to draw. This is Faiz. He loves to build things.,Q3,
grade1_profile31361_q3_LP_20251122_101304.mp3,https://drive.google.com/file/d/1UNh4eVwZAmcl6r2sP5cQdjj4ABhmN56f/view?usp=drivesdk,This is Zara. She loves to draw. This is Faiz. He loves to build things.,Q3,
grade1_profile30482_q3_QK_20251122_101834.mp3,https://drive.google.com/file/d/185bVR-g9y5rwwQ5TdgLBF4XH48QqfEgY/view?usp=drivesdk,This is Zara. She loves to draw. This is Faiz. He loves to build things.,Q3,
grade1_profile31184_q1_QK_20251122_095622.mp3,https://drive.google.com/file/d/1etg_QsXqtYE_sc4PLdp0-UKWEh24Pk1V/view?usp=drivesdk,Come on. We can do it  together.,Q1,
grade1_profile30482_q1_LP_20251122_095026.mp3,https://drive.google.com/file/d/1jbnW4msNynwC_ev-5Ssnm9LPz4xHrn72/view?usp=drivesdk,Come on. We can do it  together.,Q1,
grade1_profile28344_q1_QK_20251122_095622.mp3,https://drive.google.com/file/d/1zZCJwtfXzsQr-yYVnBM7g32m4jXckAhE/view?usp=drivesdk,Come on. We can do it  together.,Q1,
grade1_profile30481_q1_QK_20251122_095622.mp3,https://drive.google.com/file/d/1HkN06tbV8mzZbJ7QqmULw8B46zEvqsfM/view?usp=drivesdk,Come on. We can do it  together.,Q1,
grade1_profile28399_q2_LP_20251122_100201.mp3,https://drive.google.com/file/d/1Fhc2x3S7o0UmEf1MLjzHP9OrzQiJ_28D/view?usp=drivesdk,It's locked. I can open it.,Q2,
grade1_profile28352_q2_LP_20251122_100201.mp3,https://drive.google.com/file/d/1hDnceY2Ly37caIahTZsa2qMaWLxRfK0Z/view?usp=drivesdk,It's locked. I can open it.,Q2,
grade1_profile30496_q2_QK_20251122_100724.mp3,https://drive.google.com/file/d/1qFOm4SLT9gX4CsYS4XMBjNcn1rQANhbn/view?usp=drivesdk,It's locked. I can open it.,Q2,
grade1_profile28345_q3_QK_20251122_101834.mp3,https://drive.google.com/file/d/1Z3q9wESFCjZqoiSimVFHT1ZAskLJXOOD/view?usp=drivesdk,This is Zara. She loves to draw. This is Faiz. He loves to build things.,Q3,
grade1_profile28349_q3_QK_20251122_101834.mp3,https://drive.google.com/file/d/1ToBAfQki_lGlqWIfsJnpyeFlIUTocMNH/view?usp=drivesdk,This is Zara. She loves to draw. This is Faiz. He loves to build things.,Q3,
grade1_profile28423_q3_QK_20251122_101834.mp3,https://drive.google.com/file/d/19wxT280_scwVxQk9U9KKYhUmVnBph9Rv/view?usp=drivesdk,This is Zara. She loves to draw. This is Faiz. He loves to build things.,Q3,
grade1_profile28425_q2_LP_20251122_100201.mp3,https://drive.google.com/file/d/17V0Pp8X6fYVhqZIT6Kt11TcZTtjZ0xD7/view?usp=drivesdk,It's locked. I can open it.,Q2,
grade1_profile28425_q3_QK_20251122_101834.mp3,https://drive.google.com/file/d/1AbpPGcPHM03peprotKbNvx7SUnvsf_3C/view?usp=drivesdk,This is Zara. She loves to draw. This is Faiz. He loves to build things.,Q3,
grade1_profile28359_q1_LP_20251122_095026.mp3,https://drive.google.com/file/d/1UbpGcJK4WJGqLytj4fe6YtJo-3v-ttsr/view?usp=drivesdk,Come on. We can do it  together.,Q1,
grade1_profile28355_q2_LP_20251122_100201.mp3,https://drive.google.com/file/d/1Z3WBCAxCONhNBQNX-vHEqQnWp9kcln3j/view?usp=drivesdk,It's locked. I can open it.,Q2,
grade1_profile30823_q3_QK_20251122_101834.mp3,https://drive.google.com/file/d/1Jaw83GcS414EpPneszLZs25OlITzCZ--/view?usp=drivesdk,This is Zara. She loves to draw. This is Faiz. He loves to build things.,Q3,
grade1_profile30822_q1_QK_20251122_095622.mp3,https://drive.google.com/file/d/1b2gWUnqXN5lHU9wnwrOt9iaZ8Z8fJgq9/view?usp=drivesdk,Come on. We can do it  together.,Q1,
grade1_profile31184_q1_LP_20251122_095026.mp3,https://drive.google.com/file/d/1hM7A5JaPd0NRgkzXcF5dvadLufvdl_ds/view?usp=drivesdk,Come on. We can do it  together.,Q1,
grade1_profile30684_q1_LP_20251122_095026.mp3,https://drive.google.com/file/d/1VAswEHCCqeCpUeF8RIrGFANFg9wYsAqv/view?usp=drivesdk,Come on. We can do it  together.,Q1,
grade1_profile31284_q1_QK_20251122_095622.mp3,https://drive.google.com/file/d/1giRhhVQ-DJo0dLwJw0Ud42WcHz2q_x3H/view?usp=drivesdk,Come on. We can do it  together.,Q1,
grade1_profile31207_q1_LP_20251122_095026.mp3,https://drive.google.com/file/d/1znls_9ImLOjmzM5oLlzYfo6DLHlvEor_/view?usp=drivesdk,Come on. We can do it  together.,Q1,
grade1_profile28441_q1_QK_20251122_095622.mp3,https://drive.google.com/file/d/1kxAO1HzQkIbMAsjxLV18NLnYhsNEjl3L/view?usp=drivesdk,Come on. We can do it  together.,Q1,
grade1_profile30630_q1_LP_20251122_095026.mp3,https://drive.google.com/file/d/15lK3PFMaxji8GSTKKGk8vc7O2qp_aojP/view?usp=drivesdk,Come on. We can do it  together.,Q1,
grade1_profile30695_q2_LP_20251122_100201.mp3,https://drive.google.com/file/d/1NoGVg7Lhzv1314mB742CP6uyHH2YUTuV/view?usp=drivesdk,It's locked. I can open it.,Q2,
grade1_profile28403_q2_LP_20251122_100201.mp3,https://drive.google.com/file/d/1PVG7uKyI-uDsPiTDT8Pd7OTa7hKxtINI/view?usp=drivesdk,It's locked. I can open it.,Q2,
grade1_profile28474_q2_LP_20251122_100201.mp3,https://drive.google.com/file/d/1ZgyZ8bXq_MTSH3anycfJMNPi6mBzfVoA/view?usp=drivesdk,It's locked. I can open it.,Q2,
grade1_profile28423_q3_LP_20251122_101304.mp3,https://drive.google.com/file/d/1kxi2fXFMS1M2dnEADWRHddn7Fh0dhmwG/view?usp=drivesdk,This is Zara. She loves to draw. This is Faiz. He loves to build things.,Q3,
grade1_profile28362_q3_LP_20251122_101304.mp3,https://drive.google.com/file/d/1rlPS_7TThwAJr03rlJyQpvY2gYPsBNZ4/view?usp=drivesdk,This is Zara. She loves to draw. This is Faiz. He loves to build things.,Q3,
grade1_profile30569_q3_QK_20251122_101834.mp3,https://drive.google.com/file/d/1VNj6j2oiBWPgDdWxwCT-dVLwFimRoQQd/view?usp=drivesdk,This is Zara. She loves to draw. This is Faiz. He loves to build things.,Q3,
grade1_profile28344_q3_QK_20251122_101834.mp3,https://drive.google.com/file/d/1Ck7V075nxiqvuA7IyLa03bRgWt5pheJL/view?usp=drivesdk,This is Zara. She loves to draw. This is Faiz. He loves to build things.,Q3,
grade1_profile28402_q3_LP_20251122_101304.mp3,https://drive.google.com/file/d/199kVgLyL9DAwmJJARG5pyfBmqrVcADGF/view?usp=drivesdk,This is Zara. She loves to draw. This is Faiz. He loves to build things.,Q3,
grade1_profile30626_q1_LP_20251122_095026.mp3,https://drive.google.com/file/d/1hBP2APcam5uW1stHQRwHUepJ0Y5t0NfT/view?usp=drivesdk,Come on. We can do it  together.,Q1,
grade1_profile28349_q1_LP_20251122_095026.mp3,https://drive.google.com/file/d/1qcLc1cvwJQ3rQCvWdZ93HrGDeHC2Jphg/view?usp=drivesdk,Come on. We can do it  together.,Q1,
grade1_profile30695_q1_LP_20251122_095026.mp3,https://drive.google.com/file/d/1btZdmAa22j_yAE8DAQ1I7qAUyrMbOtKg/view?usp=drivesdk,Come on. We can do it  together.,Q1,
grade1_profile28389_q1_LP_20251122_095026.mp3,https://drive.google.com/file/d/1iF5VIiN2p0HZynpFeARr7HR1Wae0P85u/view?usp=drivesdk,Come on. We can do it  together.,Q1,
grade1_profile28345_q2_QK_20251122_100724.mp3,https://drive.google.com/file/d/15CbKnGJ7GiWVVvsPPiUz9FKYOzfVsc7u/view?usp=drivesdk,It's locked. I can open it.,Q2,
grade1_profile28375_q2_LP_20251122_100201.mp3,https://drive.google.com/file/d/1KFpOLki5lK66HELM5Pr37EYPFqd5GRh2/view?usp=drivesdk,It's locked. I can open it.,Q2,
grade1_profile30684_q3_QK_20251122_101834.mp3,https://drive.google.com/file/d/1WLb1nGNiB_UfcQfI7hB1XeFv1eXL3cPG/view?usp=drivesdk,This is Zara. She loves to draw. This is Faiz. He loves to build things.,Q3,
grade1_profile30693_q1_LP_20251122_095026.mp3,https://drive.google.com/file/d/1HJ-pOHjaDWCo6IyAv8c8xtP2d4s5W1hw/view?usp=drivesdk,Come on. We can do it  together.,Q1,
grade1_profile28451_q1_LP_20251122_095026.mp3,https://drive.google.com/file/d/1yFV9CoFQN3lU-90pmcLa2XUTWzHUSMzy/view?usp=drivesdk,Come on. We can do it  together.,Q1,Come on. We can do it together.
grade1_profile28403_q2_QK_20251122_100724.mp3,https://drive.google.com/file/d/1cRK5uPcEUQeH7QHmQtheOxBfLzVdUr6W/view?usp=drivesdk,It's locked. I can open it.,Q2,
grade1_profile28443_q3_QK_20251122_101834.mp3,https://drive.google.com/file/d/1FFY3cKLerj1zOO4R3qNV9mxXNniSytTg/view?usp=drivesdk,This is Zara. She loves to draw. This is Faiz. He loves to build things.,Q3,I am good
grade1_profile31204_q1_LP_20251122_095026.mp3,https://drive.google.com/file/d/15bAjLlm2COxhFQXZDl950gATyubIQY4d/view?usp=drivesdk,Come on. We can do it  together.,Q1,
grade1_profile30823_q2_LP_20251122_100201.mp3,https://drive.google.com/file/d/11dh34OVzRr1UN6qK1f3KwzzNQWrLyaXE/view?usp=drivesdk,It's locked. I can open it.,Q2,It's locked. I can open it. 
grade1_profile28432_q3_LP_20251122_101304.mp3,https://drive.google.com/file/d/1vmaPZLBvV0X7lJkKhUTlhOil0bh_MheW/view?usp=drivesdk,This is Zara. She loves to draw. This is Faiz. He loves to build things.,Q3,This is Zara. She loves to draw. This is Faiza Faiz. He loves to build things. 
grade1_profile30472_q3_QK_20251122_101834.mp3,https://drive.google.com/file/d/1aTUlxo-iZuKZbbeDutw63XpMHlITLoUs/view?usp=drivesdk,This is Zara. She loves to draw. This is Faiz. He loves to build things.,Q3,This is Zara. She loves to draw. This is Faiz. He loves to build things. 
grade1_profile28392_q1_QK_20251122_095622.mp3,https://drive.google.com/file/d/1FO4NsnuWGlBu88SpgZRd2kQgzcEoWSlF/view?usp=drivesdk,Come on. We can do it  together.,Q1,Come on. We can do it together.
grade1_profile28512_q1_QK_20251122_095622.mp3,https://drive.google.com/file/d/1oIVafMwiOS4qYJ7UnZSewmEE7RjZSlgc/view?usp=drivesdk,Come on. We can do it  together.,Q1,Come on. We can do it together.
grade1_profile30490_q1_QK_20251122_095622.mp3,https://drive.google.com/file/d/1FjNAOdqExSx2XwbH16Ah6nUBMazq_raO/view?usp=drivesdk,Come on. We can do it  together.,Q1,Come on. We can do it together.
grade1_profile28399_q1_QK_20251122_095622.mp3,https://drive.google.com/file/d/19IIai2ik-zWasAflauCZb9oteGjEDaQN/view?usp=drivesdk,Come on. We can do it  together.,Q1,Come on. We can do it together.
grade1_profile28417_q1_QK_20251122_095622.mp3,https://drive.google.com/file/d/1T02mzDIDD5vp7c6G79lTgx7ZofsNNRAb/view?usp=drivesdk,Come on. We can do it  together.,Q1,Come on. We can do it it the gather.
grade1_profile28402_q1_QK_20251122_095622.mp3,https://drive.google.com/file/d/1y-GZQTfXZYciE_C6XDDE1uPUqgsiLgb6/view?usp=drivesdk,Come on. We can do it  together.,Q1,Come on. We can do it to
grade1_profile28457_q1_LP_20251122_095026.mp3,https://drive.google.com/file/d/1KUoVTYLcp7M4ojcCn1QZ0HcZY7ozLZi0/view?usp=drivesdk,Come on. We can do it  together.,Q1,Come on. We can do it together.
grade1_profile31204_q1_QK_20251122_095622.mp3,https://drive.google.com/file/d/1n8T9CS8_Mv2tLs2_nmXl31PqVXgxOBsv/view?usp=drivesdk,Come on. We can do it  together.,Q1,Come on. We can do it together.
grade1_profile28428_q1_QK_20251122_095622.mp3,https://drive.google.com/file/d/1WqRKKOOHbBIXcgJ_R3ZOtH-wWabeYGGP/view?usp=drivesdk,Come on. We can do it  together.,Q1,Come on. We can do it together.
grade1_profile31203_q1_LP_20251122_095026.mp3,https://drive.google.com/file/d/1gNIIRCu66cFoUycmnYbuXQfjAYlPGC8v/view?usp=drivesdk,Come on. We can do it  together.,Q1,Come on. We can do it together.
grade1_profile28509_q1_LP_20251122_095026.mp3,https://drive.google.com/file/d/1Dz5ard096OgvY8kmX8KGYzf4ytkl3KCf/view?usp=drivesdk,Come on. We can do it  together.,Q1,Come on. We can do it to gather.
grade1_profile28473_q1_QK_20251122_095622.mp3,https://drive.google.com/file/d/1kr28nb-sTADYr0TRJHas1rNnLDQEstws/view?usp=drivesdk,Come on. We can do it  together.,Q1,Come on on. We can do it together.
grade1_profile31207_q1_QK_20251122_095622.mp3,https://drive.google.com/file/d/1lHO3Tc8Vijh4FWeqFYaaSokb7gSKVt1E/view?usp=drivesdk,Come on. We can do it  together.,Q1,Come on. We can do it to
grade1_profile28352_q1_LP_20251122_095026.mp3,https://drive.google.com/file/d/1JrmIohQ5y-dbBcsvcsh_qYBtKtVv7Klp/view?usp=drivesdk,Come on. We can do it  together.,Q1,Come on. We can do it together.
grade1_profile28359_q1_QK_20251122_095622.mp3,https://drive.google.com/file/d/1QFyVCwzoY7mY-I5ovPgrAmQbh8NCL2P-/view?usp=drivesdk,Come on. We can do it  together.,Q1,Can on we can
grade1_profile30481_q1_LP_20251122_095026.mp3,https://drive.google.com/file/d/1osMa5CZv33M8jRM7fo_5iSr732CZivon/view?usp=drivesdk,Come on. We can do it  together.,Q1,Come on Win can do it together.
grade1_profile28362_q1_QK_20251122_095622.mp3,https://drive.google.com/file/d/1zZpYhMLsTyRuTo1AxLzrLb7XaOGNlqNv/view?usp=drivesdk,Come on. We can do it  together.,Q1,Come on. We can do it together.
grade1_profile30575_q1_LP_20251122_095026.mp3,https://drive.google.com/file/d/1tlDUxwnRuXZkGw12IE818pgVRFtazmSx/view?usp=drivesdk,Come on. We can do it  together.,Q1,We can do it together.
grade1_profile30589_q1_LP_20251122_095026.mp3,https://drive.google.com/file/d/1gmGpKWKdZqaib891NBMEkgoVhBsDmneR/view?usp=drivesdk,Come on. We can do it  together.,Q1,Come on. We can do it together.
grade1_profile30490_q2_LP_20251122_100201.mp3,https://drive.google.com/file/d/1ABTRkeJT5r8DeoUOwK267qZER8x8gJ3P/view?usp=drivesdk,It's locked. I can open it.,Q2,It's looked. I can open it.
grade1_profile28387_q2_LP_20251122_100201.mp3,https://drive.google.com/file/d/13zkvK5glvftB20BsZmdPmdQwBST0rmkJ/view?usp=drivesdk,It's locked. I can open it.,Q2,It's locked. I can open it. 
grade1_profile30633_q2_QK_20251122_100724.mp3,https://drive.google.com/file/d/1EJ2PxMq-jUeDR9vfYH1qls8bJsiRK5C9/view?usp=drivesdk,It's locked. I can open it.,Q2,It's lock. I can open it. 
grade1_profile30684_q2_QK_20251122_100724.mp3,https://drive.google.com/file/d/1UcV97LmfBZ8dFFvkJi43DQiIyvr4o6XC/view?usp=drivesdk,It's locked. I can open it.,Q2,It's lock. I can open it. 
grade1_profile28475_q2_QK_20251122_100724.mp3,https://drive.google.com/file/d/1Cno3GTj01Gs7aVBlZlI_yXr_qC7l72t6/view?usp=drivesdk,It's locked. I can open it.,Q2,locked. I can opened it. 
grade1_profile28485_q2_QK_20251122_100724.mp3,https://drive.google.com/file/d/1qsKAq366_c1djc8vogu7Z22Oa36SiiOU/view?usp=drivesdk,It's locked. I can open it.,Q2,It's lock. I can open it. 
grade1_profile31205_q2_LP_20251122_100201.mp3,https://drive.google.com/file/d/1eRnfUby87T8F23MavT46p_0hn4nTyoPF/view?usp=drivesdk,It's locked. I can open it.,Q2,It's locked. I can open it. 
grade1_profile30476_q2_LP_20251122_100201.mp3,https://drive.google.com/file/d/156n8euERyGgn-VL4B4J6zfxHPkHYRs_I/view?usp=drivesdk,It's locked. I can open it.,Q2,It's locked. I can open it. 
grade1_profile31203_q2_QK_20251122_100724.mp3,https://drive.google.com/file/d/1ZETZf7yiTU5oFdoBJgwMmiC7amV-q6Mi/view?usp=drivesdk,It's locked. I can open it.,Q2,It's locked. I can open it. 
grade1_profile30481_q2_LP_20251122_100201.mp3,https://drive.google.com/file/d/11WKcPyuO1nByWJrdGdRyFaySwV0WUVDd/view?usp=drivesdk,It's locked. I can open it.,Q2,It's locked. I can open it. 
grade1_profile28451_q2_QK_20251122_100724.mp3,https://drive.google.com/file/d/18AY2xo_T_j9-GdGAbTBDTMAYK-pT13pJ/view?usp=drivesdk,It's locked. I can open it.,Q2,It's locked. I can open it. 
grade1_profile28423_q2_QK_20251122_100724.mp3,https://drive.google.com/file/d/1NpovlMsS2GPLJRbDPFDKP3BIAig8qXxW/view?usp=drivesdk,It's locked. I can open it.,Q2,It's locked. I can open it. 
grade1_profile28402_q2_QK_20251122_100724.mp3,https://drive.google.com/file/d/12VIwZXawugg7eaBo7KIVJm9UcK5hP_G1/view?usp=drivesdk,It's locked. I can open it.,Q2,It's lock. I can open. 
grade1_profile28493_q2_QK_20251122_100724.mp3,https://drive.google.com/file/d/1EOcJZhPQ5qRMkFUejzH8X3C-RpRbxo1d/view?usp=drivesdk,It's locked. I can open it.,Q2,It's locked. I can open it. 
grade1_profile28387_q2_QK_20251122_100724.mp3,https://drive.google.com/file/d/1kT4JOMzkwCbLx_2H3C8CGBH1NrWG1KiD/view?usp=drivesdk,It's locked. I can open it.,Q2,It's locked. I can open it. 
grade1_profile30589_q2_LP_20251122_100201.mp3,https://drive.google.com/file/d/1QUJXiisG5X2L24fyFtMIQAL22b3LFHDG/view?usp=drivesdk,It's locked. I can open it.,Q2,It's locked. I can open it. 
grade1_profile28391_q2_LP_20251122_100201.mp3,https://drive.google.com/file/d/15lSencTCJacMFd-FvZ28h0Pi3PBq9Fcz/view?usp=drivesdk,It's locked. I can open it.,Q2,It's locked. I can open it. 
grade1_profile28363_q2_LP_20251122_100201.mp3,https://drive.google.com/file/d/1FTXmZ9RS3Am9Y_gJ9BjXQHPfW8Do5tm4/view?usp=drivesdk,It's locked. I can open it.,Q2,It's lock. I can open it. 
grade1_profile28385_q2_QK_20251122_100724.mp3,https://drive.google.com/file/d/1onBYCBns-sOGCGxcNGpOx4qrGruSz3EN/view?usp=drivesdk,It's locked. I can open it.,Q2,It's lock. I can open. 
grade1_profile28456_q2_QK_20251122_100724.mp3,https://drive.google.com/file/d/11xP60WvHJCIAGewyxLcBkEIwJJcl8c6C/view?usp=drivesdk,It's locked. I can open it.,Q2,It's locked. I can open it. 
grade1_profile28421_q2_QK_20251122_100724.mp3,https://drive.google.com/file/d/1q7oV1WbdvLNZkq4B-72IwCSFWg8A8Hw7/view?usp=drivesdk,It's locked. I can open it.,Q2,It's locked. I can open it. 
grade1_profile28429_q2_LP_20251122_100201.mp3,https://drive.google.com/file/d/1piG_S5Lgia4De0vUI96yN-oSwuhWQZY1/view?usp=drivesdk,It's locked. I can open it.,Q2,It's locked. I can open it. 
grade1_profile28350_q2_QK_20251122_100724.mp3,https://drive.google.com/file/d/1KlOcYrDlORtcuMaYIpgtqjMXuVBhDRn-/view?usp=drivesdk,It's locked. I can open it.,Q2,It's locked. I can open it. 
grade1_profile30476_q3_QK_20251122_101834.mp3,https://drive.google.com/file/d/1OQdQbtBnPMBBCtpsjQoLsDAdR0EtkE44/view?usp=drivesdk,This is Zara. She loves to draw. This is Faiz. He loves to build things.,Q3,This is Zara. She loves to draw. This is Faiz. He loves to builds things.
grade1_profile28469_q3_LP_20251122_101304.mp3,https://drive.google.com/file/d/1MGB2c7_6mesIHyCApk4zKfm-l_yzkWai/view?usp=drivesdk,This is Zara. She loves to draw. This is Faiz. He loves to build things.,Q3,This is Zara. He loves to draw. This is Faiz. He love to build thing.
grade1_profile28468_q3_QK_20251122_101834.mp3,https://drive.google.com/file/d/1zlJMc9zmLVbIQM3Q4LxB9ENYFgP4PTvc/view?usp=drivesdk,This is Zara. She loves to draw. This is Faiz. He loves to build things.,Q3,is Zara. She loves to draw. This is Faiz. He loves to build things. 
grade1_profile28364_q3_QK_20251122_101834.mp3,https://drive.google.com/file/d/1TYUnLJdFKPvRv9iUoTN99OAiWEbhL1mh/view?usp=drivesdk,This is Zara. She loves to draw. This is Faiz. He loves to build things.,Q3,This is Zara. She loves to draw. This is Faiz. He loves to build things. 
grade1_profile28448_q3_QK_20251122_101834.mp3,https://drive.google.com/file/d/1xguEyclK_x33HYhZm1nxv-w-kJJUaE2B/view?usp=drivesdk,This is Zara. She loves to draw. This is Faiz. He loves to build things.,Q3,This is Zara. He love to draw. This is Faiz. He love to build things. 
grade1_profile28471_q3_LP_20251122_101304.mp3,https://drive.google.com/file/d/1kTUMAY77l2_5oCKHaKbEnT4vMv2CadHu/view?usp=drivesdk,This is Zara. She loves to draw. This is Faiz. He loves to build things.,Q3,This is Zara. She loves to draw. This is Faiz. He loves to build thing. 
grade1_profile28493_q3_QK_20251122_101834.mp3,https://drive.google.com/file/d/1rPJjTM0dL0BDfJ6BDVd2bvx2PHvEURQh/view?usp=drivesdk,This is Zara. She loves to draw. This is Faiz. He loves to build things.,Q3,This is Zara. She love to draw. This is Faiz. He love to build things. 
grade1_profile28448_q3_LP_20251122_101304.mp3,https://drive.google.com/file/d/1We5MeZi-R-Osl7ejlGUlxDZCGxVOeLKi/view?usp=drivesdk,This is Zara. She loves to draw. This is Faiz. He loves to build things.,Q3,This is Zara. He loves to draw draw. This is Faiz. He loves to build things. 
grade1_profile31293_q3_QK_20251122_101834.mp3,https://drive.google.com/file/d/1x5ItNCKCyCx7EgDBof3eoovEXLArMtVK/view?usp=drivesdk,This is Zara. She loves to draw. This is Faiz. He loves to build things.,Q3,This is Zara. She love to draw. This is Faiz. He love to builds things. 
grade1_profile28371_q3_QK_20251122_101834.mp3,https://drive.google.com/file/d/1iJPq0kYfh0--JzxCTOeSkM3S3sIqJMzZ/view?usp=drivesdk,This is Zara. She loves to draw. This is Faiz. He loves to build things.,Q3,This is Zara. She loves to draw.
grade1_profile28446_q3_LP_20251122_101304.mp3,https://drive.google.com/file/d/1Tq-BnkEYBwhIHnxnR1mEW8cFiUfUM_LZ/view?usp=drivesdk,This is Zara. She loves to draw. This is Faiz. He loves to build things.,Q3,This is Zara. She loves to draw. This is Faiz. He loves to build things. 
grade1_profile28352_q3_QK_20251122_101834.mp3,https://drive.google.com/file/d/1ZD6Sxw0FvsjhKjbZXolgm14QlAnGIHOM/view?usp=drivesdk,This is Zara. She loves to draw. This is Faiz. He loves to build things.,Q3,This is Zara. She loves to draw. This is Faiz. He loves to build this. 
grade1_profile31361_q3_QK_20251122_101834.mp3,https://drive.google.com/file/d/1XTGNSpgJnEft_zoQQyJdEYQGGcogLTGj/view?usp=drivesdk,This is Zara. She loves to draw. This is Faiz. He loves to build things.,Q3,This is Zara. She loves to draw. This is Faiz. He loves to build things. 
grade1_profile28470_q3_LP_20251122_101304.mp3,https://drive.google.com/file/d/1FltIiu-5nUtbLO5eEOEhK8ojycZE6W5n/view?usp=drivesdk,This is Zara. She loves to draw. This is Faiz. He loves to build things.,Q3,This is Zara. She love to draw. This is Faiz. He loves to some build thing. 
grade1_profile28345_q3_LP_20251122_101304.mp3,https://drive.google.com/file/d/1p0H-VE6GYIV4T12lCj-OKSEUcS4W2Cuf/view?usp=drivesdk,This is Zara. She loves to draw. This is Faiz. He loves to build things.,Q3,This is Zara. She loves to draw. This is Faiz. He loves to build things. 
grade1_profile28403_q3_LP_20251122_101304.mp3,https://drive.google.com/file/d/1bmUBqgRNPv4QGcKOCLGMNcok33_WB4BV/view?usp=drivesdk,This is Zara. She loves to draw. This is Faiz. He loves to build things.,Q3,This is Zara. She loves to draw. This is Faiz. He loves to build things. 
grade1_profile28516_q3_LP_20251122_101304.mp3,https://drive.google.com/file/d/1j_JEynar6juDx5LlXqofeJBHkoBZOVY6/view?usp=drivesdk,This is Zara. She loves to draw. This is Faiz. He loves to build things.,Q3,This is Zara. She loves to draw. This is Faiz. He love to build thing.
grade1_profile30596_q3_LP_20251122_101304.mp3,https://drive.google.com/file/d/1HdzgPO5QR8rGxVp02VNFDgvIsleUcL_e/view?usp=drivesdk,This is Zara. She loves to draw. This is Faiz. He loves to build things.,Q3,This is Zara. She loves to draw. This is Faiz. He loves to build things. 
grade1_profile28518_q1_LP_20251122_095026.mp3,https://drive.google.com/file/d/1TXuETW2EIQJ_aSrMiAmBUEoZOJ_UQKcj/view?usp=drivesdk,Come on. We can do it  together.,Q1,
grade1_profile28375_q1_QK_20251122_095622.mp3,https://drive.google.com/file/d/1ThkD0ZFa96gv1OKqBOIxV7WMpBryAKJ_/view?usp=drivesdk,Come on. We can do it  together.,Q1,
grade1_profile28444_q1_LP_20251122_095026.mp3,https://drive.google.com/file/d/1f9JqXalR17XmEn6RQkqGDdI9sdsi_oJP/view?usp=drivesdk,Come on. We can do it  together.,Q1,
grade1_profile30840_q1_QK_20251122_095622.mp3,https://drive.google.com/file/d/1A8pwZ2l5juhyGN1bbQbHzwax284cAj6f/view?usp=drivesdk,Come on. We can do it  together.,Q1,
grade1_profile31361_q1_QK_20251122_095622.mp3,https://drive.google.com/file/d/1KfurZfXaMYY2jfYdxMtYypNL-B4fiz9F/view?usp=drivesdk,Come on. We can do it  together.,Q1,
grade1_profile28350_q1_QK_20251122_095622.mp3,https://drive.google.com/file/d/1kcHVzGg_x4bsWXE-aIoJoVhvOAlIcS--/view?usp=drivesdk,Come on. We can do it  together.,Q1,
grade1_profile28473_q1_LP_20251122_095026.mp3,https://drive.google.com/file/d/1DGoz9IFyoVFo43rmp8S7HiOqZOR751ys/view?usp=drivesdk,Come on. We can do it  together.,Q1,
grade1_profile30496_q2_LP_20251122_100201.mp3,https://drive.google.com/file/d/1N-WLjE8RwfSjmqX3HKSdB6poZh3TauMv/view?usp=drivesdk,It's locked. I can open it.,Q2,
grade1_profile31284_q2_QK_20251122_100724.mp3,https://drive.google.com/file/d/1TNjWFFK0sRktQMZTpV3nDgWyiUpcytdr/view?usp=drivesdk,It's locked. I can open it.,Q2,
grade1_profile30467_q2_LP_20251122_100201.mp3,https://drive.google.com/file/d/1bigm6845iZY6iGBBsxyK7NyOPQoNnsbA/view?usp=drivesdk,It's locked. I can open it.,Q2,
grade1_profile30575_q3_LP_20251122_101304.mp3,https://drive.google.com/file/d/1VaImAMIUARS34hGNYiGVGclHazMmHZCU/view?usp=drivesdk,This is Zara. She loves to draw. This is Faiz. He loves to build things.,Q3,
grade1_profile30569_q3_LP_20251122_101304.mp3,https://drive.google.com/file/d/1HgYdzhCrhzoZvoG2YHYasVK5fxu4QHtC/view?usp=drivesdk,This is Zara. She loves to draw. This is Faiz. He loves to build things.,Q3,
grade1_profile28518_q3_LP_20251122_101304.mp3,https://drive.google.com/file/d/13D4a6V_JQbZ84Ly-itMr123ZEydaViTJ/view?usp=drivesdk,This is Zara. She loves to draw. This is Faiz. He loves to build things.,Q3,
grade1_profile28438_q3_QK_20251122_101834.mp3,https://drive.google.com/file/d/1e_BhgB_1Wty4j7iVaad2agsX8-TyWBFc/view?usp=drivesdk,This is Zara. She loves to draw. This is Faiz. He loves to build things.,Q3,
grade1_profile28417_q2_QK_20251122_100724.mp3,https://drive.google.com/file/d/1ahDtRbHfkMLeAzZ1C13m2RNWCFo-4Deg/view?usp=drivesdk,It's locked. I can open it.,Q2,This locked. I can open it. 
grade1_profile28387_q3_LP_20251122_101304.mp3,https://drive.google.com/file/d/1fKUu6aCWL1PzJdRYbYZIp-ShDab47TXV/view?usp=drivesdk,This is Zara. She loves to draw. This is Faiz. He loves to build things.,Q3,This is Zara. She loves to draw. This is Faiz. He loves to build things. 
grade1_profile28376_q2_LP_20251122_100201.mp3,https://drive.google.com/file/d/1XPoOMcxYhQyqSzfqPPvhf7xvdOGeni9Y/view?usp=drivesdk,It's locked. I can open it.,Q2,
grade1_profile30482_q2_LP_20251122_100201.mp3,https://drive.google.com/file/d/1gvrL058RUiu13T9smsyocuG0uwy2TN1T/view?usp=drivesdk,It's locked. I can open it.,Q2,
grade1_profile28457_q2_LP_20251122_100201.mp3,https://drive.google.com/file/d/1FN-TEOL5AAgK6fDdhrrERjrZ1qOwVDSg/view?usp=drivesdk,It's locked. I can open it.,Q2,It's lock. I can open it. 
grade1_profile28465_q3_QK_20251122_101834.mp3,https://drive.google.com/file/d/1Gp74ahB-QLYWTcHP3-T9uOAQdW9kECSn/view?usp=drivesdk,This is Zara. She loves to draw. This is Faiz. He loves to build things.,Q3,This is Zara. She loves to draw. It is Faiz. This is Faiz. He love to build things. 