audio_file_name,Submitted Audio Link,Question,Tab,Human Transcription,Notes,errors
grade1_profile28493_q3_LP_20251122_101304.mp3,https://drive.google.com/file/d/1LmMRS1Srxo8HgPdywpcuybIHi8ub3vT9/view?usp=drivesdk,This is Zara. She loves to draw. This is Faiz. He loves to build things.,Q3,-,Important! Listen to this audio,
grade1_profile28514_q1_LP_20251122_095026.mp3,https://drive.google.com/file/d/1PrOXkGo4w7QN3M17nqH-OiI0qR74UTEP/view?usp=drivesdk,Come on. We can do it  together.,Q1,Come onnn. We can do it too gather,,
grade1_profile30472_q1_QK_20251122_095622.mp3,https://drive.google.com/file/d/1AyTlkRykh3Rmv9PxFJm7IT17ddmgCfQK/view?usp=drivesdk,Come on. We can do it  together.,Q1,Come on. We can do it together.,,
grade1_profile28352_q1_QK_20251122_095622.mp3,https://drive.google.com/file/d/1cxKIMrQ4pQxF8gwpg7lj97_3rkL_zwT2/view?usp=drivesdk,Come on. We can do it  together.,Q1,Come on. We caaan do it too gather,,
grade1_profile28381_q1_QK_20251122_095622.mp3,https://drive.google.com/file/d/1bjb4Hq936mq1Fuq20877lvNDPAr23Ovp/view?usp=drivesdk,Come on. We can do it  together.,Q1,Ca mon. We can do it to ga ther,"Parent helping ""together""",
grade1_profile30544_q1_LP_20251122_095026.mp3,https://drive.google.com/file/d/1WlJqihZ6DOoYuVXGku5dN9lOGY-VJao0/view?usp=drivesdk,Come on. We can do it  together.,Q1,Come ooonnnn. We caaaannn do it togetha,Dragging,
grade1_profile28443_q1_QK_20251122_095622.mp3,https://drive.google.com/file/d/1RDIi7f6EhXxzTdxohaYWPIFxXNU-ti7s/view?usp=drivesdk,Come on. We can do it  together.,Q1,Come on. We can do it together.,,
grade1_profile28398_q2_LP_20251122_100201.mp3,https://drive.google.com/file/d/1Zq5-xyJeO2_ViCEzZ5PI5roFEY--dCNc/view?usp=drivesdk,It's locked. I can open it.,Q2,It's lock. I can open it.,,
grade1_profile28388_q2_QK_20251122_100724.mp3,https://drive.google.com/file/d/1ESwnqgQj2778XjyDOXp3NOCGEcP2fUT2/view?usp=drivesdk,It's locked. I can open it.,Q2,It's lock. I can't open it.,,
grade1_profile30823_q2_QK_20251122_100724.mp3,https://drive.google.com/file/d/1b5_BA_o-Yi2nHhtU9QEmmniDuoxZq00l/view?usp=drivesdk,It's locked. I can open it.,Q2,It's looock. I can open it.,,
grade1_profile30544_q2_QK_20251122_100724.mp3,https://drive.google.com/file/d/1QXvUMBe3pzXtFK3Yiq5lYiG8YF4pFmae/view?usp=drivesdk,It's locked. I can open it.,Q2,It's locked. I can open it.,,
grade1_profile28463_q3_LP_20251122_101304.mp3,https://drive.google.com/file/d/111xBn2enmGjQP6fDEJwjhFGIWFXHW6sx/view?usp=drivesdk,This is Zara. She loves to draw. This is Faiz. He loves to build things.,Q3,Dis is Zaraaa. She lofes to dramp. Das This is Faaaiz. He la lap darap d u i l d das this thing ,Parent helping (Listen to this audio),
grade1_profile28382_q3_LP_20251122_101304.mp3,https://drive.google.com/file/d/1RL-Kyvq3RU3vcutpzU5z8XIGQ7-yaFJh/view?usp=drivesdk,This is Zara. She loves to draw. This is Faiz. He loves to build things.,Q3,This is Zara. She love to draw. This is Faaiz. He love to buil thing,Parent helping ,
grade1_profile28456_q3_QK_20251122_101834.mp3,https://drive.google.com/file/d/1H1WpKV3SVNt7HDyyyoYXil9YdPURSk9-/view?usp=drivesdk,This is Zara. She loves to draw. This is Faiz. He loves to build things.,Q3,This is Zara. She loves to draw. This is Faiz. He loves to build things.,,
grade1_profile28391_q3_QK_20251122_101834.mp3,https://drive.google.com/file/d/1KA1zDCHJrxeNa-oRRFmyVcyHRvX7B636/view?usp=drivesdk,This is Zara. She loves to draw. This is Faiz. He loves to build things.,Q3,This is Zara. She loves to draaaaw. This is Faiz. He love to buil thang,Parent helping,
grade1_profile28518_q3_QK_20251122_101834.mp3,https://drive.google.com/file/d/1fj7Cno-bBgGLBSa5Ko_vplG4d89pIlb1/view?usp=drivesdk,This is Zara. She loves to draw. This is Faiz. He loves to build things.,Q3,This is Zara. She love to draw. This is Faaiz. He love to buil things,,
grade1_profile28428_q3_QK_20251122_101834.mp3,https://drive.google.com/file/d/1ggM0p88tsdGNbDG1B5poJgGiXY_tF9xt/view?usp=drivesdk,This is Zara. She loves to draw. This is Faiz. He loves to build things.,Q3,This is Zara. She looooooves to draaw. This is Saif. He looooves to buil things,Dragigng,
grade1_profile30476_q1_QK_20251122_095622.mp3,https://drive.google.com/file/d/1R5H7PeyXRbUE2ZZlGuf9Vjh0oxgDyIF1/view?usp=drivesdk,Come on. We can do it  together.,Q1,Come onnn. We can do it too gather,,
grade1_profile30496_q1_QK_20251122_095622.mp3,https://drive.google.com/file/d/1w7vvMhkxqbxOijzGE-BKCYsZzcXKoPfi/view?usp=drivesdk,Come on. We can do it  together.,Q1,Come on. We can do it  together.,Not student's voice,
grade1_profile28423_q1_QK_20251122_095622.mp3,https://drive.google.com/file/d/1Uv7a9Rs42CaplAL-1mUXwr6YwUdSAhFH/view?usp=drivesdk,Come on. We can do it  together.,Q1,Come on. We can do it togetha,,
grade1_profile28425_q1_LP_20251122_095026.mp3,https://drive.google.com/file/d/1k7L4X8nTh8My7oZXUrT7fMzcG-KCU5xH/view?usp=drivesdk,Come on. We can do it  together.,Q1,Come on. We caaann do it  together.,,
grade1_profile28375_q1_LP_20251122_095026.mp3,https://drive.google.com/file/d/1d1gyn59xzVI5dq87l5dQyKbLtLxAse-m/view?usp=drivesdk,Come on. We can do it  together.,Q1,Come on. We can do it  together.,Not student's voice,
grade1_profile28518_q2_LP_20251122_100201.mp3,https://drive.google.com/file/d/1L6DNOcGk2LAZPdYs5OtoYWAu2_N7vrZw/view?usp=drivesdk,It's locked. I can open it.,Q2,Iss lock. I can open iit,,
grade1_profile28509_q2_QK_20251122_100724.mp3,https://drive.google.com/file/d/1Cbxtq1GQEdh53UlBa4fzpjMbNF9d4rU9/view?usp=drivesdk,It's locked. I can open it.,Q2,It's loooord. I can open it,,
grade1_profile31184_q2_LP_20251122_100201.mp3,https://drive.google.com/file/d/1MC6XxT6nANngFFv3Rie5g3T-Pvj1aT1T/view?usp=drivesdk,It's locked. I can open it.,Q2,It's look. i can open it,,
grade1_profile30596_q2_LP_20251122_100201.mp3,https://drive.google.com/file/d/1CYJlzicSxEgriAwm3JViRcPiRktWJ-_z/view?usp=drivesdk,It's locked. I can open it.,Q2,It's lac kad. I can opin it,,
grade1_profile31205_q2_QK_20251122_100724.mp3,https://drive.google.com/file/d/1WpB8a7yhD3aLFVxfRob-FxN3EAsbb-A_/view?usp=drivesdk,It's locked. I can open it.,Q2,Ss locked. i can open i,,
grade1_profile30481_q3_QK_20251122_101834.mp3,https://drive.google.com/file/d/1L-VNboT0xSMamVwX2cOCShMKYjcY0BYG/view?usp=drivesdk,This is Zara. She loves to draw. This is Faiz. He loves to build things.,Q3,This is Zaraaa. She loves to drrraw. This is Feezz. He loves to build thin,,
grade1_profile30684_q3_LP_20251122_101304.mp3,https://drive.google.com/file/d/1p-c-LhHjaru2tSeLf3qG5zXxnFTUi1xb/view?usp=drivesdk,This is Zara. She loves to draw. This is Faiz. He loves to build things.,Q3,This is Zara. She loves to draw. This is Faiz. He loves to buld things.,,
grade1_profile28466_q3_LP_20251122_101304.mp3,https://drive.google.com/file/d/1WCP6eFISf4VFsu99hDeZ73nOZfKWboxl/view?usp=drivesdk,This is Zara. She loves to draw. This is Faiz. He loves to build things.,Q3,This is Zara. She loves to draw. This is Faaaiz. He loves to bilid things,,
grade1_profile28466_q3_QK_20251122_101834.mp3,https://drive.google.com/file/d/13q9okXmgPfG5btm7IWV7If_j_0lwxAtF/view?usp=drivesdk,This is Zara. She loves to draw. This is Faiz. He loves to build things.,Q3,This is Zara. She loves to draw. This is Faiz. He lpves to build thi,,
grade1_profile28443_q3_LP_20251122_101304.mp3,https://drive.google.com/file/d/1kPlBN62rggYS8Qxb77z0-WlG0lESMdGQ/view?usp=drivesdk,This is Zara. She loves to draw. This is Faiz. He loves to build things.,Q3,This is Zara. She laave loves to draw. This is Faiz. He loves to baald things,,
grade1_profile30840_q3_LP_20251122_101304.mp3,https://drive.google.com/file/d/14ivG7QpMVyIxLFfOVYyFSScm1JtxN_rT/view?usp=drivesdk,This is Zara. She loves to draw. This is Faiz. He loves to build things.,Q3,This is Zara. She loves to draw. This is Faiz. He loves to build things.,,
grade1_profile31204_q3_QK_20251122_101834.mp3,https://drive.google.com/file/d/1-64-E36FLmhPcLbj38XjzOFRY3ep8N3J/view?usp=drivesdk,This is Zara. She loves to draw. This is Faiz. He loves to build things.,Q3,This is Zara. She lafs to bilts drrraaw. This is Faiz. He loves to build things,Parent helping,
grade1_profile28514_q3_LP_20251122_101304.mp3,https://drive.google.com/file/d/1MV4rVFKqVBR8OkgEndBzjJi4h6QB5L7e/view?usp=drivesdk,This is Zara. She loves to draw. This is Faiz. He loves to build things.,Q3,This is Zaraaa. She loves to drrrraw. This is Fa Faezzz. He loves to bald things.,,
grade1_profile28444_q1_QK_20251122_095622.mp3,https://drive.google.com/file/d/19wx9-h8ymfhTN-ryaUwabCh307K-8zA5/view?usp=drivesdk,Come on. We can do it  together.,Q1,Come on. We can do it  together.,,
grade1_profile28355_q1_QK_20251122_095622.mp3,https://drive.google.com/file/d/1BeUcSDW0OKR-NjDCpzmXlTqoD9JenzzA/view?usp=drivesdk,Come on. We can do it  together.,Q1,Onn. We can do it gather,Parent helping,
grade1_profile28469_q1_LP_20251122_095026.mp3,https://drive.google.com/file/d/1pfLFgJOxajAcUz51ZD8F8vmU1r-pLkdf/view?usp=drivesdk,Come on. We can do it  together.,Q1,Come o come onn. We can do it together,,
grade1_profile30596_q1_LP_20251122_095026.mp3,https://drive.google.com/file/d/17TyxBTED_ENMH7S8Rmv51dJHNYH-vtVS/view?usp=drivesdk,Come on. We can do it  together.,Q1,Come aann. We can do it tooo gather,,
grade1_profile28450_q2_LP_20251122_100201.mp3,https://drive.google.com/file/d/12spWSZvVIF3xUNcu44vID25jJaqFCKvl/view?usp=drivesdk,It's locked. I can open it.,Q2,It's locked. I can open it.,,
grade1_profile30581_q2_LP_20251122_100201.mp3,https://drive.google.com/file/d/14C4ySrqYHc5ecbUT0j5q0L6y-18C0I3A/view?usp=drivesdk,It's locked. I can open it.,Q2,It's isss lock. I can open it,,
grade1_profile28443_q2_LP_20251122_100201.mp3,https://drive.google.com/file/d/1HKrucBh7oHJPzUqHr86kfz72yWf5TjyK/view?usp=drivesdk,It's locked. I can open it.,Q2,It's lock. I can open it.,,
grade1_profile30485_q2_LP_20251122_100201.mp3,https://drive.google.com/file/d/19xR9GVubzwVX6EgCKqQfXJLu6Zqj5YMy/view?usp=drivesdk,It's locked. I can open it.,Q2,Isss loo. I can open it,Parent helping,
grade1_profile28355_q2_QK_20251122_100724.mp3,https://drive.google.com/file/d/1MFHaKZDOtKkgVokaGt247fzut9N9FOeb/view?usp=drivesdk,It's locked. I can open it.,Q2,It's lock. I can open e,,
grade1_profile28516_q2_QK_20251122_100724.mp3,https://drive.google.com/file/d/1ZPYVFDs38ZLf0HFGilrlKTFO-tdqzjgz/view?usp=drivesdk,It's locked. I can open it.,Q2,Iss lock. I can open iit,,
grade1_profile30485_q2_QK_20251122_100724.mp3,https://drive.google.com/file/d/1LzkP0L3suyY8q3M6C_0ljC69YLEBLJ8R/view?usp=drivesdk,It's locked. I can open it.,Q2,Iss lock. I can open iit,,
grade1_profile28349_q3_LP_20251122_101304.mp3,https://drive.google.com/file/d/1SUecVHldhJIWTBX0iMM8vs8A93s3q_Wj/view?usp=drivesdk,This is Zara. She loves to draw. This is Faiz. He loves to build things.,Q3,This is Sara. She loves to drraw. This is Faaz. He loves to build thin,,
grade1_profile28399_q3_LP_20251122_101304.mp3,https://drive.google.com/file/d/1Pf66ZYxlVk5wi8lF0Rm_kHiwmY6NI5n-/view?usp=drivesdk,This is Zara. She loves to draw. This is Faiz. He loves to build things.,Q3,Come on. We can,Parent helping,
grade1_profile30589_q3_LP_20251122_101304.mp3,https://drive.google.com/file/d/1MCIl9Yuhe6_yrBQKNY-ZMolPfs4kJsnC/view?usp=drivesdk,This is Zara. She loves to draw. This is Faiz. He loves to build things.,Q3,This is Za Sa Zara. She loves to draw. This is Faiz. He loves to build things,,
grade1_profile30496_q3_LP_20251122_101304.mp3,https://drive.google.com/file/d/1m62hiSohuyprJeK-XLVtGrEvwN0dVwce/view?usp=drivesdk,This is Zara. She loves to draw. This is Faiz. He loves to build things.,Q3,This is Sara a. She she loves to drraw. This is Faas. He love to build buil thin,Parent helping,
grade1_profile28463_q3_QK_20251122_101834.mp3,https://drive.google.com/file/d/1QOXuJtANOZPV6XhXTYmDxapenlY0Bqox/view?usp=drivesdk,This is Zara. She loves to draw. This is Faiz. He loves to build things.,Q3,This is Zara. She laf to drraw. Is this is Faiz. He laf to building build thing build thing,Parent helping,
grade1_profile30695_q3_LP_20251122_101304.mp3,https://drive.google.com/file/d/15UapnJ75WsZqWBIepnfLGMICnKdIwSaN/view?usp=drivesdk,This is Zara. She loves to draw. This is Faiz. He loves to build things.,Q3,This is Zara. She love drraw. This is Faiz. He loves to build thing,Parent helping,
grade1_profile28485_q1_LP_20251122_095026.mp3,https://drive.google.com/file/d/1xfdmpLI9X70xhAQsbsodzbzlsuhV173x/view?usp=drivesdk,Come on. We can do it  together.,Q1,Come on,,
grade1_profile28355_q1_LP_20251122_095026.mp3,https://drive.google.com/file/d/1jXavxniM_PKp5gTh94Ep0MgcI1K5JQ5i/view?usp=drivesdk,Come on. We can do it  together.,Q1,Comon. We can do it gather,Parent helping,
grade1_profile28493_q1_LP_20251122_095026.mp3,https://drive.google.com/file/d/1F24lUsR2aHlitypxA15sVnVd5mTQxKYj/view?usp=drivesdk,Come on. We can do it  together.,Q1,Comon. We can do it together,,
grade1_profile28438_q1_QK_20251122_095622.mp3,https://drive.google.com/file/d/1PryS6WDki0ta8TbAVHJaqxCNAdMVdSP6/view?usp=drivesdk,Come on. We can do it  together.,Q1,Come on. We can do it  together.,,
grade1_profile28395_q1_QK_20251122_095622.mp3,https://drive.google.com/file/d/18AGnKMogF0tw9Y50SwNvuex-GO1mNo5_/view?usp=drivesdk,Come on. We can do it  together.,Q1,Come on. We can do it  tooo gather.,,
grade1_profile31361_q1_LP_20251122_095026.mp3,https://drive.google.com/file/d/1guXXdEQX0ohY5VCju7Xkh1al2DOhWRQN/view?usp=drivesdk,Come on. We can do it  together.,Q1,Come on. We can do it  tooo gather.,,
grade1_profile30575_q2_LP_20251122_100201.mp3,https://drive.google.com/file/d/1goBPvPHJ55eoq_xj2RVktZuPLY5tKryB/view?usp=drivesdk,It's locked. I can open it.,Q2,It's lock. I can open it.,,
grade1_profile28388_q2_LP_20251122_100201.mp3,https://drive.google.com/file/d/1V3AxNM5kg5fUleump5vQyxN8SyZ0XBCa/view?usp=drivesdk,It's locked. I can open it.,Q2,Is it's lock. I can open it,,
grade1_profile30633_q2_LP_20251122_100201.mp3,https://drive.google.com/file/d/1cJt3KZK1kRqVgWQZT8Ge-ZciUCVTk6eA/view?usp=drivesdk,It's locked. I can open it.,Q2,It's lock. I can open it,,
grade1_profile28468_q2_QK_20251122_100724.mp3,https://drive.google.com/file/d/1_ZxSW7u2b7DmVslyzimy4C2Cpm1SUXrB/view?usp=drivesdk,It's locked. I can open it.,Q2,It's locked. I can open it.,Not student's voice,
grade1_profile28466_q2_LP_20251122_100201.mp3,https://drive.google.com/file/d/17dvkAkTqB09KVWDpkQbyQRbtpm-MXQey/view?usp=drivesdk,It's locked. I can open it.,Q2,It's locked. I can open it.,,
grade1_profile30823_q3_LP_20251122_101304.mp3,https://drive.google.com/file/d/1VAgFOfE3JL6nL71TMNdUXs__75JmdU-F/view?usp=drivesdk,This is Zara. She loves to draw. This is Faiz. He loves to build things.,Q3,This is Zara. She love to drrraw. This is Faiz. He love to build things.,,
grade1_profile30630_q3_QK_20251122_101834.mp3,https://drive.google.com/file/d/1zCc7aKmASa5UqsDNQkTymaVUyoUIrHxk/view?usp=drivesdk,This is Zara. She loves to draw. This is Faiz. He loves to build things.,Q3,This is Zara. She loves to drrraw. This is Faiz. He loves to build things.,Parent helping,
grade1_profile28428_q3_LP_20251122_101304.mp3,https://drive.google.com/file/d/1Wnog_j82f_M36YAo43i6Y_fh7G0eeq3Z/view?usp=drivesdk,This is Zara. She loves to draw. This is Faiz. He loves to build things.,Q3,This is Zara. She loves to draw. This is face. He loves to build things.,,
grade1_profile30693_q3_QK_20251122_101834.mp3,https://drive.google.com/file/d/1a6jasmeX_GvnnRrpONCaibQN1XltU-cy/view?usp=drivesdk,This is Zara. She loves to draw. This is Faiz. He loves to build things.,Q3,-,Empty,
grade1_profile28509_q3_LP_20251122_101304.mp3,https://drive.google.com/file/d/10lqOkhXAIpCy0Ia3n_wWY5sZK2cXwfBq/view?usp=drivesdk,This is Zara. She loves to draw. This is Faiz. He loves to build things.,Q3,This is Zara. She loves to draw. This is Faiz. He loves to baaal biiil things.,Dragging/Parent helping,
grade1_profile28444_q3_LP_20251122_101304.mp3,https://drive.google.com/file/d/1M6LLJn0zaisOZQECm1h0RR4F0c2PbM-C/view?usp=drivesdk,This is Zara. She loves to draw. This is Faiz. He loves to build things.,Q3,This is Zara. She loves to draw. This is Face. He loves to blid things.,,
grade1_profile30693_q3_LP_20251122_101304.mp3,https://drive.google.com/file/d/1n5BfLlXXkO7bBxKay-ktNv0IzQkJWGi6/view?usp=drivesdk,This is Zara. She loves to draw. This is Faiz. He loves to build things.,Q3,This is Salaa. She love to drraw. This Faiz. He love to build thing,Dragging/Parent helping,
grade1_profile28376_q1_LP_20251122_095026.mp3,https://drive.google.com/file/d/1S_LHQa0uSEoUEr2EAPDkOkmuVPKxHQZa/view?usp=drivesdk,Come on. We can do it  together.,Q1,Come on. To kit together,,
grade1_profile28376_q1_QK_20251122_095622.mp3,https://drive.google.com/file/d/1EM4CNlgxnOL_CCPbEXMb93gGxqrVGCoA/view?usp=drivesdk,Come on. We can do it  together.,Q1,Come on. We can do it  together.,,
grade1_profile28392_q1_LP_20251122_095026.mp3,https://drive.google.com/file/d/18wryoBuUjIeBdyRkrPYh8hZtOwhZuyA4/view?usp=drivesdk,Come on. We can do it  together.,Q1,Come on. You can do it,,
grade1_profile31293_q1_QK_20251122_095622.mp3,https://drive.google.com/file/d/1QDjdgZMdlVJysJaV-nSHx4ZdZ8Ma5Woq/view?usp=drivesdk,Come on. We can do it  together.,Q1,Come on. We can do it  tooogether.,,
grade1_profile28371_q2_QK_20251122_100724.mp3,https://drive.google.com/file/d/1TWbXE9cbhk-hUG1FdACz1grtY5pXJbR4/view?usp=drivesdk,It's locked. I can open it.,Q2,It'ss lookid. I can topen I T it,,
grade1_profile28369_q2_QK_20251122_100724.mp3,https://drive.google.com/file/d/1K9UCX8yv_s-blrTbV4--vDYCACPE10Yt/view?usp=drivesdk,It's locked. I can open it.,Q2,It's lock. I can open it,,
grade1_profile28519_q2_LP_20251122_100201.mp3,https://drive.google.com/file/d/1RY60i8XHIX_OZVpauyaQOj48zUue6bix/view?usp=drivesdk,It's locked. I can open it.,Q2,It's looock D. I can open it,,
grade1_profile30626_q2_QK_20251122_100724.mp3,https://drive.google.com/file/d/123AeV1YSjnQjaJ25m8cm9RuAZcNA5lfW/view?usp=drivesdk,It's locked. I can open it.,Q2,It's locked. I can open it.,,
grade1_profile28398_q3_QK_20251122_101834.mp3,https://drive.google.com/file/d/14KYMpaDiCdVL1vOpSoOAfcvGub_4-t18/view?usp=drivesdk,This is Zara. She loves to draw. This is Faiz. He loves to build things.,Q3,This is Zara. She loves to draw. This is Faiz. He loves to buld things.,,
grade1_profile28375_q3_LP_20251122_101304.mp3,https://drive.google.com/file/d/11Fsnd_zrR-ceGCspmcd2FXUPmO43ptJ2/view?usp=drivesdk,This is Zara. She loves to draw. This is Faiz. He loves to build things.,Q3,This is Zara. He love to drrraw. This is Faiz. He love to build thing,Parent helping,
grade1_profile28516_q3_QK_20251122_101834.mp3,https://drive.google.com/file/d/1F1TJ4YGhKjiD9_O0RMxFoys8aTYHNIR-/view?usp=drivesdk,This is Zara. She loves to draw. This is Faiz. He loves to build things.,Q3,This is Zara. She loves to drraw. This is Faiz. He loves to biuld thing,,
grade1_profile30665_q2_LP_20251122_100201.mp3,https://drive.google.com/file/d/1a50Xf-YGzQa6SRCLpGYyyNcEr0VKPmv9/view?usp=drivesdk,It's locked. I can open it.,Q2,It's looks. I can open it,,
grade1_profile28474_q3_QK_20251122_101834.mp3,https://drive.google.com/file/d/1EoPbrOV2nGQFbAo8Aqjcg3io5CX46HWB/view?usp=drivesdk,This is Zara. She loves to draw. This is Faiz. He loves to build things.,Q3,This is Zara. She loves to draw. This is Faiz. He loves to buld things.,Not student's voice,
grade1_profile28485_q3_LP_20251122_101304.mp3,https://drive.google.com/file/d/1NUgipYYINtkeiXFDPns-4K7dt3TTVnik/view?usp=drivesdk,This is Zara. She loves to draw. This is Faiz. He loves to build things.,Q3,This is Zara. She lafs to draw. This is Raza. He lafs to buld things,,
grade1_profile28431_q2_QK_20251122_100724.mp3,https://drive.google.com/file/d/1XgaOhFFpDHryC86pvLR6CwapTvHz3mvv/view?usp=drivesdk,It's locked. I can open it.,Q2,I can open it,,
grade1_profile28466_q2_QK_20251122_100724.mp3,https://drive.google.com/file/d/1zRY6PW7IAezdnV4uTAT0RM8Ws43LLViP/view?usp=drivesdk,It's locked. I can open it.,Q2,It's locked. I can open.,,
grade1_profile28350_q3_QK_20251122_101834.mp3,https://drive.google.com/file/d/1vgNiq5KhmuPTLb3eZ27fsD-7sjYuNlif/view?usp=drivesdk,This is Zara. She loves to draw. This is Faiz. He loves to build things.,Q3,This is Zara. She laaves to draw. This is Faiz. He laave to buils thing,,
grade1_profile28451_q3_LP_20251122_101304.mp3,https://drive.google.com/file/d/1gSMojvEwGJhOdrYPeT68VyftWY6p9bNp/view?usp=drivesdk,This is Zara. She loves to draw. This is Faiz. He loves to build things.,Q3,This is Zara. She loves to draw. This is Faiz. He lovess to build things,,
grade1_profile30822_q1_QK_20251122_095622.mp3,https://drive.google.com/file/d/1b2gWUnqXN5lHU9wnwrOt9iaZ8Z8fJgq9/view?usp=drivesdk,Come on. We can do it  together.,Q1,Come on. We can do it together,Parent's voice,
grade1_profile30684_q1_LP_20251122_095026.mp3,https://drive.google.com/file/d/1VAswEHCCqeCpUeF8RIrGFANFg9wYsAqv/view?usp=drivesdk,Come on. We can do it  together.,Q1,Come on. We can do it together,,
grade1_profile28512_q1_LP_20251122_095026.mp3,https://drive.google.com/file/d/1RK5rvndliJUPe28fi99pOvk6azmRdDrK/view?usp=drivesdk,Come on. We can do it  together.,Q1,Come on. We can do it togethaaar,Parent helping,
grade1_profile28402_q1_LP_20251122_095026.mp3,https://drive.google.com/file/d/1_DJiv9w9iKb9Czmec61FCluJJndcHTIw/view?usp=drivesdk,Come on. We can do it  together.,Q1,Come oooo. We caaannnn do it to gether ,Dragging,
grade1_profile31293_q1_LP_20251122_095026.mp3,https://drive.google.com/file/d/1PfTj0lFEKtkdF1exSELdVVuMYBqduR67/view?usp=drivesdk,Come on. We can do it  together.,Q1,on. We can do it together,,
grade1_profile28375_q2_QK_20251122_100724.mp3,https://drive.google.com/file/d/1v16a9lrQQwaewpvSiPRXmSvyaoqhNwFo/view?usp=drivesdk,It's locked. I can open it.,Q2,It is locked. I can open it,,
grade1_profile28446_q2_QK_20251122_100724.mp3,https://drive.google.com/file/d/1gyXSUmWGyXFOAJUr2bMnlSyI-EPPBxuO/view?usp=drivesdk,It's locked. I can open it.,Q2,sss locked. I can open it,,
grade1_profile28438_q2_LP_20251122_100201.mp3,https://drive.google.com/file/d/17oiztnaYYA-kVz_BhWXQiktowe3FAm0j/view?usp=drivesdk,It's locked. I can open it.,Q2,It's locked. I can open a,,
grade1_profile28473_q2_QK_20251122_100724.mp3,https://drive.google.com/file/d/13RCd8fCBxngAyQfVOyEtxY_tbmJtVmco/view?usp=drivesdk,It's locked. I can open it.,Q2,It's lock. I can open it,,
grade1_profile28429_q3_QK_20251122_101834.mp3,https://drive.google.com/file/d/1yNh9BJ03VJKwjgLHiQrMvAdoGc1Md_Ab/view?usp=drivesdk,This is Zara. She loves to draw. This is Faiz. He loves to build things.,Q3,This is Zara. She loves to draw. This is Faiz. He loves to build things.,,
grade1_profile30544_q3_LP_20251122_101304.mp3,https://drive.google.com/file/d/1FBlufK8v9aEPNYTxrztDSXQJeCxf9MwK/view?usp=drivesdk,This is Zara. She loves to draw. This is Faiz. He loves to build things.,Q3,This is Zaaaaraaa. She laaav to to draw. This is Faiz. He laav to build thinks,Dragging,
grade1_profile28421_q3_QK_20251122_101834.mp3,https://drive.google.com/file/d/1z-rJVhCrJMw6LDTIFJz8abc2vKgbrjM2/view?usp=drivesdk,This is Zara. She loves to draw. This is Faiz. He loves to build things.,Q3,This is Zaraaaa. She loves to draaaw. This is Faiz. He he loves to build thi,Dragging,
grade1_profile28344_q3_QK_20251122_101834.mp3,https://drive.google.com/file/d/1Ck7V075nxiqvuA7IyLa03bRgWt5pheJL/view?usp=drivesdk,This is Zara. She loves to draw. This is Faiz. He loves to build things.,Q3,Zara. She loves to draw. This is Faiz. He loves to build thin,,
grade1_profile30496_q3_QK_20251122_101834.mp3,https://drive.google.com/file/d/1I-nV-Z9NijYazKpDfaMZNetkVsc7Zhdr/view?usp=drivesdk,This is Zara. She loves to draw. This is Faiz. He loves to build things.,Q3,This is Zara. She loves to draw. This is Faiz. He loves to build things.,Parent's voice,
grade1_profile28401_q1_LP_20251122_095026.mp3,https://drive.google.com/file/d/1J_8t70quQsOsY7IojncwR-CSypfeLN2E/view?usp=drivesdk,Come on. We can do it  together.,Q1,Come on. We can do it together,,
grade1_profile31192_q1_QK_20251122_095622.mp3,https://drive.google.com/file/d/1AC8l0qoomxKz9Q3D1OJzjKHLnU8mlChB/view?usp=drivesdk,Come on. We can do it  together.,Q1,Come on. We can do it together,,
grade1_profile30626_q1_LP_20251122_095026.mp3,https://drive.google.com/file/d/1hBP2APcam5uW1stHQRwHUepJ0Y5t0NfT/view?usp=drivesdk,Come on. We can do it  together.,Q1,Come on. We can do it together,,
grade1_profile28369_q1_LP_20251122_095026.mp3,https://drive.google.com/file/d/1RF3JyjP9_LqLGTGpSDMIj80g25V-Nl6n/view?usp=drivesdk,Come on. We can do it  together.,Q1,Come o,,
grade1_profile28448_q1_QK_20251122_095622.mp3,https://drive.google.com/file/d/11C_fKF18rd2-MKTZ4n-Fdh1d4JUxRvtV/view?usp=drivesdk,Come on. We can do it  together.,Q1,Come on. We can do it together,,
grade1_profile30596_q1_QK_20251122_095622.mp3,https://drive.google.com/file/d/1JbFiMdumdmDJr5w_yzQpXCnz50Qyrw8G/view?usp=drivesdk,Come on. We can do it  together.,Q1,Come aaaan. We can do it togither,,
grade1_profile28469_q1_QK_20251122_095622.mp3,https://drive.google.com/file/d/1nyveoJ947IXbuuVT5c_JCaUU7NuR8vbg/view?usp=drivesdk,Come on. We can do it  together.,Q1,Come on. We can do it together,,
grade1_profile28446_q1_LP_20251122_095026.mp3,https://drive.google.com/file/d/12x6PDPo76MGSMzLeGR-YUySMk-THBRfg/view?usp=drivesdk,Come on. We can do it  together.,Q1,Come on. We can do it to gather,,
grade1_profile28349_q1_LP_20251122_095026.mp3,https://drive.google.com/file/d/1qcLc1cvwJQ3rQCvWdZ93HrGDeHC2Jphg/view?usp=drivesdk,Come on. We can do it  together.,Q1,Come on. We can do it together,,
grade1_profile28463_q1_QK_20251122_095622.mp3,https://drive.google.com/file/d/1401_FNMXftcUoGj2U1Pvm52oqQw1hgqr/view?usp=drivesdk,Come on. We can do it  together.,Q1,Come on. We can do it together,,
grade1_profile28493_q1_QK_20251122_095622.mp3,https://drive.google.com/file/d/1kqZ5A_r0sGk4AOX1bK3ALasAQTqrp6hn/view?usp=drivesdk,Come on. We can do it  together.,Q1,Come on. We can do it together,,
grade1_profile28429_q1_QK_20251122_095622.mp3,https://drive.google.com/file/d/1T6QOkD1IqmG9BZEeUydC9uSrKEdpD5Mf/view?usp=drivesdk,Come on. We can do it  together.,Q1,Come onnnnn. We can do it to gatherrrr,,
grade1_profile28474_q1_LP_20251122_095026.mp3,https://drive.google.com/file/d/1otR4XqLtsOjbYvfCmw8MB14O-frdRRji/view?usp=drivesdk,Come on. We can do it  together.,Q1,Come on. We can do it together,,
grade1_profile28364_q1_LP_20251122_095026.mp3,https://drive.google.com/file/d/13kJ_aDOWeGgbXn7RK3UgSn8e2vPvWwQI/view?usp=drivesdk,Come on. We can do it  together.,Q1,Come on. We can do it together,,
grade1_profile30695_q1_LP_20251122_095026.mp3,https://drive.google.com/file/d/1btZdmAa22j_yAE8DAQ1I7qAUyrMbOtKg/view?usp=drivesdk,Come on. We can do it  together.,Q1,Come on. We can do it dogather,,
grade1_profile28390_q1_LP_20251122_095026.mp3,https://drive.google.com/file/d/1N4Dwr0B_nU97UYG86pvo7aqhT7WoAGQ1/view?usp=drivesdk,Come on. We can do it  together.,Q1,Come on. We can do it together,,
grade1_profile31206_q1_LP_20251122_095026.mp3,https://drive.google.com/file/d/1KDBveWgBxyf5lZEP1U8eSfIj6akL1UtC/view?usp=drivesdk,Come on. We can do it  together.,Q1,Come on. We can do it to gaather,,
grade1_profile30626_q1_QK_20251122_095622.mp3,https://drive.google.com/file/d/1gl74YrcY4V2-z3nmg5u9elceiRqwKZax/view?usp=drivesdk,Come on. We can do it  together.,Q1,Come on. We can do it together,,
grade1_profile30665_q1_QK_20251122_095622.mp3,https://drive.google.com/file/d/1iDsP_Dcry3JE2wwU_e99y045pGWj6NuT/view?usp=drivesdk,Come on. We can do it  together.,Q1,Come on. We can do it together,,
grade1_profile28421_q1_QK_20251122_095622.mp3,https://drive.google.com/file/d/1yYOH8L9TGxSI2yidzU6Z9JGsIhVyw7uE/view?usp=drivesdk,Come on. We can do it  together.,Q1,Come on. We can do it to gaather,,
grade1_profile28389_q1_LP_20251122_095026.mp3,https://drive.google.com/file/d/1iF5VIiN2p0HZynpFeARr7HR1Wae0P85u/view?usp=drivesdk,Come on. We can do it  together.,Q1,Come onnnn. We can do it to gaather,,
grade1_profile31203_q2_LP_20251122_100201.mp3,https://drive.google.com/file/d/1QhMl4Rtsp4mtN2zThRsGBDiQ9CvKX7wc/view?usp=drivesdk,It's locked. I can open it.,Q2,It's locked. I can open it. ,,
grade1_profile28417_q2_LP_20251122_100201.mp3,https://drive.google.com/file/d/1Z_P4lgPd49AqBdVIcl1zCbprEFvZ9_PW/view?usp=drivesdk,It's locked. I can open it.,Q2,It's locked. I can open it. ,,
grade1_profile28425_q2_QK_20251122_100724.mp3,https://drive.google.com/file/d/1ZTyggh8rdRPamHgC62W9FPHjhb_7wIPj/view?usp=drivesdk,It's locked. I can open it.,Q2,It'sh rocked. I can open it,,
grade1_profile30544_q2_LP_20251122_100201.mp3,https://drive.google.com/file/d/1E4ZzV9cF8mDksdNfaUCf-aBuwM-Ul3FN/view?usp=drivesdk,It's locked. I can open it.,Q2,It's locked. I can open it. ,,
grade1_profile28389_q2_LP_20251122_100201.mp3,https://drive.google.com/file/d/1ekFl2B5omJbkL_dMgWnC6-26zrBw5R6y/view?usp=drivesdk,It's locked. I can open it.,Q2,It's lock. I can open e,,
grade1_profile30693_q2_QK_20251122_100724.mp3,https://drive.google.com/file/d/16Z620e3tK2oayW-M94VQeU9yWaNodktD/view?usp=drivesdk,It's locked. I can open it.,Q2,-,Empty voice note,
grade1_profile28345_q2_QK_20251122_100724.mp3,https://drive.google.com/file/d/15CbKnGJ7GiWVVvsPPiUz9FKYOzfVsc7u/view?usp=drivesdk,It's locked. I can open it.,Q2,It's locked. I can open it. ,,
grade1_profile28446_q2_LP_20251122_100201.mp3,https://drive.google.com/file/d/13UrTlvRtY1xuoHp8GFKa-jrfSzzcnZ_4/view?usp=drivesdk,It's locked. I can open it.,Q2,It's lock. I can open it. ,,
grade1_profile28362_q2_LP_20251122_100201.mp3,https://drive.google.com/file/d/190MgljNxOpPv74E5sPOpil9O5WRmLs30/view?usp=drivesdk,It's locked. I can open it.,Q2,It's locked. I can apen it,,
grade1_profile28470_q2_LP_20251122_100201.mp3,https://drive.google.com/file/d/10SRf9nJwwNaEqcICAI2PrGHB1BkFRpeY/view?usp=drivesdk,It's locked. I can open it.,Q2,It's loooock. I can open it,,
grade1_profile28498_q2_QK_20251122_100724.mp3,https://drive.google.com/file/d/1JAJ1qb-W7i_xLePJBtS8rDPWK9JALWof/view?usp=drivesdk,It's locked. I can open it.,Q2,It's locked. I can open.,,
grade1_profile28421_q2_LP_20251122_100201.mp3,https://drive.google.com/file/d/1_vOl-dbxm4QM-tjb3rZVBFbMSgwJUvbb/view?usp=drivesdk,It's locked. I can open it.,Q2,It's loooocked. I can open.,Dragging,
grade1_profile28432_q2_QK_20251122_100724.mp3,https://drive.google.com/file/d/1QbD9lX4ELjjGb1G6xlPCZUhyY9158_d5/view?usp=drivesdk,It's locked. I can open it.,Q2,It's locked. I can open it. ,,
grade1_profile28375_q2_LP_20251122_100201.mp3,https://drive.google.com/file/d/1KFpOLki5lK66HELM5Pr37EYPFqd5GRh2/view?usp=drivesdk,It's locked. I can open it.,Q2,Is looock. I can open it,Sibling/someone helping,
grade1_profile30506_q2_LP_20251122_100201.mp3,https://drive.google.com/file/d/1cQsOYU8aHJzNNgaobJZBq2-rx076ByYM/view?usp=drivesdk,It's locked. I can open it.,Q2,It's lock. I can open it. ,,
grade1_profile28519_q2_QK_20251122_100724.mp3,https://drive.google.com/file/d/17Hy0y7y-DV8OYcm-FLPnTczLsxM-v02s/view?usp=drivesdk,It's locked. I can open it.,Q2,It's locked. I can open it.,,
grade1_profile28432_q2_LP_20251122_100201.mp3,https://drive.google.com/file/d/1qrXXoYHxFebjfanwCcHc8vG8uSlIIQY-/view?usp=drivesdk,It's locked. I can open it.,Q2,It's locked. I can open it.,,
grade1_profile30506_q2_QK_20251122_100724.mp3,https://drive.google.com/file/d/1CaIaAzRPua8orJD3bBligABK75L9AmnJ/view?usp=drivesdk,It's locked. I can open it.,Q2,Look. I can open it,,
grade1_profile28359_q2_QK_20251122_100724.mp3,https://drive.google.com/file/d/14h02qdid2LxCuLFVsc4SuIYNkiCPIjfh/view?usp=drivesdk,It's locked. I can open it.,Q2,It's lokid. I caaan o opin it,,
grade1_profile28364_q2_LP_20251122_100201.mp3,https://drive.google.com/file/d/1DW1ZRUwlATElVj-21yJTL3Pr92PnEMrV/view?usp=drivesdk,It's locked. I can open it.,Q2,It's locked. I an open it,,
grade1_profile30684_q3_QK_20251122_101834.mp3,https://drive.google.com/file/d/1WLb1nGNiB_UfcQfI7hB1XeFv1eXL3cPG/view?usp=drivesdk,This is Zara. She loves to draw. This is Faiz. He loves to build things.,Q3,This is Zara. She loves to draw. This is Faiz. He love to buld things,,
grade1_profile28371_q3_LP_20251122_101304.mp3,https://drive.google.com/file/d/1-wuGWmyOdsa2pRQFK_Gr4M7n1DJ2kJ13/view?usp=drivesdk,This is Zara. She loves to draw. This is Faiz. He loves to build things.,Q3,She is. This is Lar Zarka. She love to draf,Parent helping,
grade1_profile28399_q3_QK_20251122_101834.mp3,https://drive.google.com/file/d/1sTMA00d3BmPhY_BjJpTY9WuxzdLdzRdb/view?usp=drivesdk,This is Zara. She loves to draw. This is Faiz. He loves to build things.,Q3,Zara. She loves to draw. This is Faiz. He loves to build a build things,Not student's voice?,
grade1_profile28450_q1_QK_20251122_095622.mp3,https://drive.google.com/file/d/1brY9FsGH857YBgXuV481eV8GEvztaWlM/view?usp=drivesdk,Come on. We can do it  together.,Q1,Come on. We can do it together,Parent's voice,
grade1_profile30693_q1_LP_20251122_095026.mp3,https://drive.google.com/file/d/1HJ-pOHjaDWCo6IyAv8c8xtP2d4s5W1hw/view?usp=drivesdk,Come on. We can do it  together.,Q1,Onnn. We can do it gather,Parent helping,
grade1_profile28451_q2_LP_20251122_100201.mp3,https://drive.google.com/file/d/1lj3fpef_m-aUhbxDXi0mNLxWpjIJ9Jmo/view?usp=drivesdk,It's locked. I can open it.,Q2,It is lock. I can open it,,
grade1_profile28432_q3_LP_20251122_101304.mp3,https://drive.google.com/file/d/1vmaPZLBvV0X7lJkKhUTlhOil0bh_MheW/view?usp=drivesdk,This is Zara. She loves to draw. This is Faiz. He loves to build things.,Q3,This is Zara. She loves to draw. This is Faiza Faiz. He loves to build things,Someone helping,
grade1_profile28402_q1_QK_20251122_095622.mp3,https://drive.google.com/file/d/1y-GZQTfXZYciE_C6XDDE1uPUqgsiLgb6/view?usp=drivesdk,Come on. We can do it  together.,Q1,Come on. We can do it toga,,
grade1_profile31207_q1_QK_20251122_095622.mp3,https://drive.google.com/file/d/1lHO3Tc8Vijh4FWeqFYaaSokb7gSKVt1E/view?usp=drivesdk,Come on. We can do it  together.,Q1,Come aaaan. We can do it to,,
grade1_profile30490_q2_LP_20251122_100201.mp3,https://drive.google.com/file/d/1ABTRkeJT5r8DeoUOwK267qZER8x8gJ3P/view?usp=drivesdk,It's locked. I can open it.,Q2,It's looked. I caann open it,,
grade1_profile30476_q2_LP_20251122_100201.mp3,https://drive.google.com/file/d/156n8euERyGgn-VL4B4J6zfxHPkHYRs_I/view?usp=drivesdk,It's locked. I can open it.,Q2,It's locked. I can open it,,
grade1_profile28387_q2_QK_20251122_100724.mp3,https://drive.google.com/file/d/1kT4JOMzkwCbLx_2H3C8CGBH1NrWG1KiD/view?usp=drivesdk,It's locked. I can open it.,Q2,It's lock. I can open it,Not student's voice,
grade1_profile28429_q2_LP_20251122_100201.mp3,https://drive.google.com/file/d/1piG_S5Lgia4De0vUI96yN-oSwuhWQZY1/view?usp=drivesdk,It's locked. I can open it.,Q2,It's locked. I can open it,,
grade1_profile28471_q3_LP_20251122_101304.mp3,https://drive.google.com/file/d/1kTUMAY77l2_5oCKHaKbEnT4vMv2CadHu/view?usp=drivesdk,This is Zara. She loves to draw. This is Faiz. He loves to build things.,Q3,This is Zara. She loves to draw. This is Faiz. He love to built think,,
grade1_profile31361_q3_QK_20251122_101834.mp3,https://drive.google.com/file/d/1XTGNSpgJnEft_zoQQyJdEYQGGcogLTGj/view?usp=drivesdk,This is Zara. She loves to draw. This is Faiz. He loves to build things.,Q3,This is Zara. She loves to draw. This is Faiz. He loves to build things.,,
grade1_profile28375_q1_QK_20251122_095622.mp3,https://drive.google.com/file/d/1ThkD0ZFa96gv1OKqBOIxV7WMpBryAKJ_/view?usp=drivesdk,Come on. We can do it  together.,Q1,Comon. We can do it together,,
grade1_profile28425_q1_QK_20251122_095622.mp3,https://drive.google.com/file/d/11TAG0wYZNKNvU2chuDHmy3p-UdhMPMtn/view?usp=drivesdk,Come on. We can do it  together.,Q1,Comeon. We can do it together,,
grade1_profile28421_q1_LP_20251122_095026.mp3,https://drive.google.com/file/d/1mrIYqzTmTyuQjRECruoIefYl0qRfTpR8/view?usp=drivesdk,Come on. We can do it  together.,Q1,Come on. wee cann doo it too gather,,
grade1_profile31207_q2_LP_20251122_100201.mp3,https://drive.google.com/file/d/1Vw54qxp2XPhb-kFOVr6bYowyiEVtToaR/view?usp=drivesdk,It's locked. I can open it.,Q2,It's laacked. I can open it,,
grade1_profile31284_q2_LP_20251122_100201.mp3,https://drive.google.com/file/d/19DqLJFNDoSPTOLrBg8wLf2z6YAk7qxog/view?usp=drivesdk,It's locked. I can open it.,Q2,Isss locked. I can open it,,
grade1_profile30626_q3_QK_20251122_101834.mp3,https://drive.google.com/file/d/1VqQLFOetNIqs5uCxYxxC-uQrQbWytCf9/view?usp=drivesdk,This is Zara. She loves to draw. This is Faiz. He loves to build things.,Q3,"This is Zara. She loves to draaw. This is Faiiz, He loves to building things",,
grade1_profile30665_q3_LP_20251122_101304.mp3,https://drive.google.com/file/d/1KRmCUCGeLm95eLoYeb4JTx2wWMgx-OfH/view?usp=drivesdk,This is Zara. She loves to draw. This is Faiz. He loves to build things.,Q3,This is Zara. She lats to raw. This is Faiza. He likes buil thin,Sibling helping,
grade1_profile28344_q3_LP_20251122_101304.mp3,https://drive.google.com/file/d/1-ObMjfSah_6H-o48rMAatv994mI70auV/view?usp=drivesdk,This is Zara. She loves to draw. This is Faiz. He loves to build things.,Q3,This is Zaraa. She loves to draw. This is Faizz. He loves to build things,,
grade1_profile28509_q3_QK_20251122_101834.mp3,https://drive.google.com/file/d/1Rv-bd4JNNg9vXI_FNUhU87YzEOF2Q-a4/view?usp=drivesdk,This is Zara. She loves to draw. This is Faiz. He loves to build things.,Q3,Thi is Zarrrraaa. She love to raw. Thi is Faizz. She love to builin things,,
grade1_profile28516_q1_QK_20251122_095622.mp3,https://drive.google.com/file/d/1gICTrjlzr8QEjp0nFDvedCkvu5mD7zh3/view?usp=drivesdk,Come on. We can do it  together.,Q1,Come on. We can do it together,,
grade1_profile28509_q1_QK_20251122_095622.mp3,https://drive.google.com/file/d/1xzlYojZspq99r9AvTOBPPpdjELO5r_3w/view?usp=drivesdk,Come on. We can do it  together.,Q1,Come onnnn. We can do it too gather,,